datum;gremium;top;titel;hinweis;abstimmungshinweis
2026-07-08;Marktgemeinderat;2;Bekanntmachung der Jahresrechnung 2025 des Marktes Oberstaufen - Beschlussfassung (beschließend);Juli 2026 Bekanntmachung der Jahresrechnung 2025 des Marktes Oberstaufen Die Jahresrechnung 2025 ist innerhalb von sechs Mon aten aufzustellen und dem Gemeinderat vorzulegen, um diese bekanntzumachen (Art.;
2026-07-08;Marktgemeinderat;3;Regiebetrieb Wasserwerk Oberstaufen: Steuerlicher Jahresabschluss 2022 - Beschlussfassung (beschließend);Der kaufmännische Jahresabschluss 2025 für das Wasserwerk Oberstaufen (Regiebetrieb) liegt noch nicht vor. Der Marktgemeinderat beauftragte den Rechnungsprüfungsausschuss mit der örtlichen Rechnungsprüfung (Art.;
2026-07-08;Marktgemeinderat;4.1;Ludwig-Maier-Weg 2, Antrag auf Errichtung eines Verbrauchermarktes - Beschlussfassung (beschließend);Bauvorhaben Ludwig-Maier-Weg 2, Antrag auf Errichtung eines Verbrauchermarktes Die Firma Seitz Consulting GmbH beantragte die Einl eitung eines Bauleitplanungsverfahrens für die Errichtung eines Verbrauchermarktes im Ludwig- Maier-Weg 2.;
2026-07-08;Marktgemeinderat;4.2;Schloßstraße 29, Bauantrag zu Neubau eines Hotels mit Tiefgarage, Schlossberg Resort Oberstaufen - Beschlussfassung (beschließend);Bauvorhaben Ludwig-Maier-Weg 2, Antrag auf Errichtung eines Verbrauchermarktes Die Firma Seitz Consulting GmbH beantragte die Einl eitung eines Bauleitplanungsverfahrens für die Errichtung eines Verbrauchermarktes im Ludwig- Maier-Weg 2. Es ist hierzu erforderlich, den besteh enden Bebauungsplan zu ändern bzw.;
2026-07-08;Marktgemeinderat;4.3;Schloßstraße 27, Bauantrag über ein Mitarbeiterhaus - Beschlussfassung (beschließend);Über den QR-Code ist die Jahresrechnung visuell abrufbar. Dem Marktgemeinderat wurde die Jahresrechnung 2025 (Art. 102 GO) mit dem folgenden Ergebnis bekanntgegeben: Die Einnahmen un d Ausgaben im Verwaltungshaushalt betragen 36.;
2026-07-08;Marktgemeinderat;4.4;Kalzhofer Straße 55, Bauantrag zur Erweiterung Mittagsbetreuung - Beschlussfassung (beschließend);Schloßstraße 29, Bauantrag zu Neubau eines Hotels mit Tiefgarage, Schlossberg Resort Oberstaufen Laut Mitteilung des Planungsbüro Alpstein Planung G mbH vom 30. Juni 2026 haben sich mit dem Bauantrag zum bereits verabschiedeten Vorhaben- und Erschließungsplan noch folgende kleinere Änderungen ergeben: - die Wand im 3.;
2026-07-08;Marktgemeinderat;5;Umbau ehem. Krankenhaus, Ermächtigung für Auftragsvergaben - Beschlussfassung (beschließend);Krankenhaus mit 12 Wohn ungen in den Obergeschossen wurde im November 2024 die Zuschusse ingabe durchgeführt. Das Gesamtprojekt ist mit Kosten von 6.311.450,94 Euro brutto veranschlagt. (Stand 05.02.2025) Es stehen hierzu nachfolgende Fördergelder in Aussicht: Zuwendung ISA (für Familienzentrum) 532.;
2026-07-08;Marktgemeinderat;6;Bericht zur angekündigten Schließung der Eisenbahnunterführung im Moos, Beratung und Entscheidung über weiteres Vorgehen - Beschlussfassung (beschließend);Über den QR-Code ist die Jahresrechnung visuell abrufbar. Dem Marktgemeinderat wurde die Jahresrechnung 2025 (Art. 102 GO) mit dem folgenden Ergebnis bekanntgegeben: Die Einnahmen un d Ausgaben im Verwaltungshaushalt betragen 36.;
2026-06-11;Marktgemeinderat;1;Vereidigung von Herrn Michael Rosenberger als Mitglied des Marktgemeinderates Oberstaufen (informativ);Juni 2026 Vereidigung von Herrn Michael Rosenberger als Mitgl ied des Marktgemeinderates Oberstaufen Da Michael Rosenberger bei der konstituierenden Sit zung des Marktgemeinderates nicht anwesend war, wurde dessen Vereidigung von Er stem Bürgermeister Martin Beckel zu Beginn dieser Sitzung vorgenommen.;
2026-06-11;Marktgemeinderat;3;"Neubau Feuerwehrhaus; Standortanalyse - informativ (informativ)";"Neubau Feuerwehrhaus; Vorstellung Ergebnisse der Standortanalyse Im Rahmen des bereits Ende des Jahres 2024 verabsch iedeten Feuerwehrbedarfsplanes wurde deutlich, dass das Feu erwehrgerätehaus in Oberstaufen nicht mehr den aktuellen Anforderungen standhalten kann und eine Ertüchtigung des alten Gebäudes auf die neuen Stand ards faktisch nicht möglich ist.";
2026-06-11;Marktgemeinderat;4;Änderung des Orts- und Gemeindeverfassungsrechts (beschließend);Änderung des Orts- und Gemeindeverfassungsrechts Der Marktgemeinderat beschloss mit 16:1 Stimmen die Betriebssatzung des Tourismus Eigenbetrieb Oberstaufen (TEO). Die Betriebssatzung tritt zum 01.;16:1
2026-06-11;Marktgemeinderat;4.1;Änderung der Betriebssatzung für den Tourismus Eigenbetrieb Oberstaufen - Beschlussfassung (beschließend);Änderung des Orts- und Gemeindeverfassungsrechts Der Marktgemeinderat beschloss mit 16:1 Stimmen die Betriebssatzung des Tourismus Eigenbetrieb Oberstaufen (TEO). Die Betriebssatzung tritt zum 01.;16:1
2026-06-11;Marktgemeinderat;4.2;Änderung der Kostensatzung - Beschlussfassung (beschließend);Änderung des Orts- und Gemeindeverfassungsrechts Der Marktgemeinderat beschloss mit 16:1 Stimmen die Betriebssatzung des Tourismus Eigenbetrieb Oberstaufen (TEO). Die Betriebssatzung tritt zum 01.;16:1
2026-06-11;Marktgemeinderat;5;Bestellung von Beauftragten (beschließend);Bestellung von Beauftragten - Jugendbeauftragter Aus den Reihen des Marktgemeinderates wurde für den Posten des Jugendbeauftragten Herr Michael Rosenberger vorgesc hlagen. Es folgten keine weiteren Vorschläge.;
2026-06-11;Marktgemeinderat;5.1;Bestellung eines Jugendbeauftragten - Beschlussfassung (beschließend);Bestellung von Beauftragten - Jugendbeauftragter Aus den Reihen des Marktgemeinderates wurde für den Posten des Jugendbeauftragten Herr Michael Rosenberger vorgesc hlagen. Es folgten keine weiteren Vorschläge.;
2026-06-11;Marktgemeinderat;5.2;Bestellung eines Familienbeauftragten - Beschlussfassung (beschließend);Bestellung von Beauftragten - Jugendbeauftragter Aus den Reihen des Marktgemeinderates wurde für den Posten des Jugendbeauftragten Herr Michael Rosenberger vorgesc hlagen. Es folgten keine weiteren Vorschläge.;
2026-06-11;Marktgemeinderat;5.3;Bestellung eines Seniorenbeauftragten - Beschlussfassung (beschließend);Bestellung von Beauftragten - Jugendbeauftragter Aus den Reihen des Marktgemeinderates wurde für den Posten des Jugendbeauftragten Herr Michael Rosenberger vorgesc hlagen. Es folgten keine weiteren Vorschläge.;
2026-06-11;Marktgemeinderat;6;Entsendung von Erstem Bürgermeister Martin Beckel in den Aufsichtsrat des SWW Oberallgäu - Beschlussfassung (beschließend);"Juni 2026 Vereidigung von Herrn Michael Rosenberger als Mitgl ied des Marktgemeinderates Oberstaufen Da Michael Rosenberger bei der konstituierenden Sit zung des Marktgemeinderates nicht anwesend war, wurde dessen Vereidigung von Er stem Bürgermeister Martin Beckel zu Beginn dieser Sitzung vorgenommen. Damit ist das neu gewählte Gremium vollständig vereidigt. Neubau Feuerwehrhaus; Vorstellung Ergebnisse der Standorta";
2026-06-11;Marktgemeinderat;7;Sachstand IT-Sicherheit beim Markt, Beschaffung einer erweiteren IT-Sicherheitsplattform - informativ (informativ);Aus der Sitzung des Marktgemeinderates vom 11. Juni 2026 Vereidigung von Herrn Michael Rosenberger als Mitgl ied des Marktgemeinderates Oberstaufen Da Michael Rosenberger bei der konstituierenden Sit zung des Marktgemeinderates nicht anwesend war, wurde dessen Vereidigung von Er stem Bürgermeister Martin Beckel zu Beginn dieser Sitzung vorgenommen.;
2026-06-11;Marktgemeinderat;9;Auftragsvergabe Kanalsanierung im Rahmen der Eigenüberwachungsverordnung (EÜV) 2026 - Beschlussfassung (beschließend);Juni 2026 Vereidigung von Herrn Michael Rosenberger als Mitgl ied des Marktgemeinderates Oberstaufen Da Michael Rosenberger bei der konstituierenden Sit zung des Marktgemeinderates nicht anwesend war, wurde dessen Vereidigung von Er stem Bürgermeister Martin Beckel zu Beginn dieser Sitzung vorgenommen.;
2026-06-11;Marktgemeinderat;10;Genehmigung der letzten öffentlichen Sitzungsniederschrift (beschließend);In den letzten Monaten haben Cyberangriffe im öffentlichen Sektor stark zu genommen. Um die Widerstandsfähigkeit gegen solche Angriffe zu erhöh en, wird nun in eine leistungsfähigere IT-Sicherheitsplattform investier t. Davon erwartet man sich ein erhöhtes Sicherheitsniveau, schnellere Reaktionsfähigkeit im Fall von Angriffen auf die gemeindliche IT, erhöhte Transparenz durch vollstän digen Überblick über die Sicherh;
2026-05-07;Marktgemeinderat;1;Eröffnung der neuen Sitzungsperiode des Marktgemeinderates und Verabschiedung ausscheidender Marktgemeinderatsmitglieder (informativ);Mai 2026 Eröffnung der neuen Sitzungsperiode Erster Bürgermeister Martin Beckel eröffnete seine dritte Amtszeit mit einem kurzen Rückblick auf die Kommunalwahl am 8. März 2026, die im Gremium der Marktgemeinde zu Veränderungen auf acht Positionen führte.;
2026-05-07;Marktgemeinderat;2;Vereidigung der neuen Mitglieder des Marktgemeinderates (beschließend);Mai 2026 Eröffnung der neuen Sitzungsperiode Erster Bürgermeister Martin Beckel eröffnete seine dritte Amtszeit mit einem kurzen Rückblick auf die Kommunalwahl am 8. März 2026, die im Gremium der Marktgemeinde zu Veränderungen auf acht Positionen führte.;
2026-05-07;Marktgemeinderat;3;Erlass der Satzung zur Regelung von Fragen des örtlichen Gemeindeverfassungsrechts - Beschlussfassung (beschließend);Bestellung von Erstem Bürgermeister Martin Beckel zum Standesbeamten Gemäß § 2 Abs. 3 der Verordnung zur Ausführung des Personenstandsgesetzes können Gemeinden ihren Ersten Bürgermeister zum Sta ndesbeamten bestellen, sondern der Aufgabenbereich auf die Vornahme von Eh eschließungen und die Begründung von Lebenspartnerschaften beschränkt wir d.;
2026-05-07;Marktgemeinderat;4;Erlass der Geschäftsordnung für den Marktgemeinderat - Beschlussfassung (beschließend);Bestellung von Erstem Bürgermeister Martin Beckel zum Standesbeamten Gemäß § 2 Abs. 3 der Verordnung zur Ausführung des Personenstandsgesetzes können Gemeinden ihren Ersten Bürgermeister zum Sta ndesbeamten bestellen, sondern der Aufgabenbereich auf die Vornahme von Eh eschließungen und die Begründung von Lebenspartnerschaften beschränkt wir d.;
2026-05-07;Marktgemeinderat;5;Bekanntgabe der Fraktionsvorsitzenden (informativ);Bekanntgabe der Fraktionsvorsitzenden Für die Legislaturperiode 2026 – 2032 wurden von de n im Marktgemeinderat vertretenen Fraktionen folgende Marktgemeinderatsmi tglieder als Fraktionsvorsitzende benannt: CSU Heinz Heim Freie Wähler Markus Gorbach UTL Thomas Wintergerst PLW Matthias Probst SPD Beate Kümpflein Besetzung der Ausschüsse Einstimmig beschloss der Marktgemeinderat die Besetzung der Ausschüsse, sowie die ;Einstimmig
2026-05-07;Marktgemeinderat;6;Bildung eines Wahlausschusses für die Wahl der weiteren Bürgermeister - Beschlussfassung (beschließend);Mai 2026 Eröffnung der neuen Sitzungsperiode Erster Bürgermeister Martin Beckel eröffnete seine dritte Amtszeit mit einem kurzen Rückblick auf die Kommunalwahl am 8. März 2026, die im Gremium der Marktgemeinde zu Veränderungen auf acht Positionen führte.;
2026-05-07;Marktgemeinderat;7;Wahl der weiteren Bürgermeister (beschließend);Mai 2026 Eröffnung der neuen Sitzungsperiode Erster Bürgermeister Martin Beckel eröffnete seine dritte Amtszeit mit einem kurzen Rückblick auf die Kommunalwahl am 8. März 2026, die im Gremium der Marktgemeinde zu Veränderungen auf acht Positionen führte.;
2026-05-07;Marktgemeinderat;7.1;Wahl des zweiten Bürgermeisters (beschließend);Mai 2026 Eröffnung der neuen Sitzungsperiode Erster Bürgermeister Martin Beckel eröffnete seine dritte Amtszeit mit einem kurzen Rückblick auf die Kommunalwahl am 8. März 2026, die im Gremium der Marktgemeinde zu Veränderungen auf acht Positionen führte. Der Wähler habe für eine gute Mischung gesorgt, lediglich bei der Gesch lechterverteilung herrsche nach wie vor Ungleichgewicht.;
2026-05-07;Marktgemeinderat;7.2;Wahl des dritten Bürgermeisters (beschließend);Mai 2026 Eröffnung der neuen Sitzungsperiode Erster Bürgermeister Martin Beckel eröffnete seine dritte Amtszeit mit einem kurzen Rückblick auf die Kommunalwahl am 8. März 2026, die im Gremium der Marktgemeinde zu Veränderungen auf acht Positionen führte. Der Wähler habe für eine gute Mischung gesorgt, lediglich bei der Gesch lechterverteilung herrsche nach wie vor Ungleichgewicht.;
2026-05-07;Marktgemeinderat;7.3;Vereidigung des zweiten und/oder dritten Bürgermeisters (beschließend);Die Vereidigung der neuen Räte nahm Erster Bürgermeiste r Martin Beckel vor. Michael Rosenberger war für die Sitzung entschuldigt. Seine Vereidigung ist für die Sitzung des Marktgemeinderates im Juni vorgesehen. Wahl der weiteren Stellvertreter Die weiteren Bürgermeister, gleichzeitig auch Stellvertreter des Ersten Bürgermeisters, wurden durch Wahl der Gremiumsmitglieder aus deren Kreis bestimmt.;
2026-05-07;Marktgemeinderat;8;Verpflichtung der Bürgermeister auf Geheimhaltung von Angelegenheiten nach Art. 56 a Abs. 1 der Bayerischen Gemeindeordnung (informativ);Mai 2026 Eröffnung der neuen Sitzungsperiode Erster Bürgermeister Martin Beckel eröffnete seine dritte Amtszeit mit einem kurzen Rückblick auf die Kommunalwahl am 8. März 2026, die im Gremium der Marktgemeinde zu Veränderungen auf acht Positionen führte.;
2026-05-07;Marktgemeinderat;9;Besetzung der Ausschüsse (beschließend);Bekanntgabe der Fraktionsvorsitzenden Für die Legislaturperiode 2026 – 2032 wurden von de n im Marktgemeinderat vertretenen Fraktionen folgende Marktgemeinderatsmi tglieder als Fraktionsvorsitzende benannt: CSU Heinz Heim Freie Wähler Markus Gorbach UTL Thomas Wintergerst PLW Matthias Probst SPD Beate Kümpflein Besetzung der Ausschüsse Einstimmig beschloss der Marktgemeinderat die Besetzung der Ausschüsse, sowie die ;Einstimmig
2026-05-07;Marktgemeinderat;9.1;Haupt- und Finanzausschuss- Beschlussfassung (beschließend);Die Abnahme der Verpflichtungserklärung erfolgte für den Ersten Bürgermeister durch Hauptamtsleiter Christian Schiebel im Auftrag der R echtsaufsichtsbehörde des Landratsamt Oberallgäu. Im Anschluss nahm Erster Bürgermeister Martin Beckel dem zweiten und dritten Bürgermeister jeweils diese Verpflichtungserklärung ab. Bekanntgabe der Fraktionsvorsitzenden Für die Legislaturperiode 2026 – 2032 wurden von de n im Marktg;
2026-05-07;Marktgemeinderat;9.2;Bau- und Umweltausschuss - Beschlussfassung (beschließend);Achim Pfisterer) UTL: Björn Walser (Michael Rosenberger), Thomas Wintergerst (Johannes Hummel) PLW: Christian Graf (Matthias Probst) SPD: Florian Schoder (Beate Kümpflein) Bau- und Umweltausschuss CSU: Heinz Heim (Thomas Stehle), Markus Geißler (Mi chael Fink), Reinhold Nußbaumer (Franziska Schädler) FWO: Dr. Achim Pfisterer (Johannes Lingg), Helmut Reichart (Markus Gorbach) UTL: Johannes Hummel (Thomas Wintergerst),;
2026-05-07;Marktgemeinderat;9.3;Werkausschuss für den Tourismus Eigenbetrieb Oberstaufen (Tourismusausschuss) - Beschlussfassung (beschließend);Achim Pfisterer (Johannes Lingg), Helmut Reichart (Markus Gorbach) UTL: Johannes Hummel (Thomas Wintergerst), Björn Walser (Michael Rosenberger) PLW: Matthias Probst (Fabian Höß) SPD: Florian Schoder (Beate Kümpflein) Werkausschuss für den Tourismus Eigenbetrieb Oberst aufen (Tourismusausschuss) CSU: Thomas Stehle (Heinz Heim), Markus Geißler (Mi chael Fink), Franziska Schädler (Reinhold Nußbaumer) FWO: Johannes Ling;
2026-05-07;Marktgemeinderat;9.4;Rechnungsprüfungsausschuss - Beschlussfassung (beschließend);Vorsitzender T homas Stehle (Reinhold Nußbaumer) FWO: Vorsitzender Markus Gorbach (Ferdinand Brams), Dr. Achim Pfisterer (Johannes Lingg) UTL: Michael Rosenberger (Björn Walser) PLW: Matthias Probst (Christian Graf) SPD: Beate Kümpflein (Florian Schoder) Aufsichtsrat Oberstaufen Tourismus Marketing GmbH s owie Aufsichtsrat der Aquaria Erlebnisbad-Betriebs GmbH CSU: Thomas Stehle, Markus Geißler, Franziska Schädler FW;
2026-05-07;Marktgemeinderat;10;Bestellung eines Vorsitzenden und eines stellvertretenden Vorsitzenden des Rechnungsprüfungsausschusses - Beschlussfassung (beschließend);Die Ausübung eines Ehrenamtes sei mittlerweile bei weitem keine Selbstverständlic hkeit mehr. Viele würden die damit verbundenen Verpflichtungen scheuen, ob im Verein, in anderen Organisationen oder eben in der Politik.;
2026-05-07;Marktgemeinderat;11;Bestellung der Vertreter des Marktes Oberstaufen in den Aufsichtsrat der Oberstaufen Tourismus Marketing GmbH - Beschlussfassung (beschließend);Wahl der weiteren Stellvertreter Die weiteren Bürgermeister, gleichzeitig auch Stellvertreter des Ersten Bürgermeisters, wurden durch Wahl der Gremiumsmitglieder aus deren Kreis bestimmt. Auf Vorschlag der Freien Wähler wurde erneut Markus Geißler (CSU) als 2.;
2026-05-07;Marktgemeinderat;12;Bestellung der Vertreter des Marktes Oberstaufen in den Aufsichtsrat der Aquaria Erlebnisbad-Betriebs GmbH - Beschlussfassung (beschließend);Die Erweiterungen des Außensaunabereichs im Aquaria sowie der Einstieg in die Planungen des Kurhauses waren ebenfalls Meilenstein e. Die Einrichtung des Naturkindergartens, der Umzug des Familienzentrums in die neuen Räume beim Seniorenzentrum, die Sanierung der Schulsportanlage n sowie die Planungen für die Erweiterung des Schulhauses für die Mittagsbetreuung konnten umgesetzt werden.;
2026-05-07;Marktgemeinderat;13;Bestellung der Vertreter des Marktes Oberstaufen in die Schulverbandsversammlung - Beschlussfassung (beschließend);Wahl der weiteren Stellvertreter Die weiteren Bürgermeister, gleichzeitig auch Stellvertreter des Ersten Bürgermeisters, wurden durch Wahl der Gremiumsmitglieder aus deren Kreis bestimmt. Auf Vorschlag der Freien Wähler wurde erneut Markus Geißler (CSU) als 2.;
2026-05-07;Marktgemeinderat;14;Bestellung der Vertreter des Marktes Oberstaufen für den Stiftungsausschuss der Gräfl.-Königsegg-Rothenfels'schen Spitalstiftung und der Gräfl. Königsegg'schen Waisenhausstiftung - Beschlussfassung (beschließend);In seiner Rede ging er darauf ein, dass es Grundvoraussetzung für das Funktionieren einer Gesellschaft ist, dass sich Menschen für ande re Menschen engagieren, für die Allgemeinheit einsetzen und Aufgaben übernehmen. Die Ausübung eines Ehrenamtes sei mittlerweile bei weitem keine Selbstverständlic hkeit mehr. Viele würden die damit verbundenen Verpflichtungen scheuen, ob im Verein, in anderen Organisationen oder eben;
2026-05-07;Marktgemeinderat;15;Bestellung der Vertreter des Marktes Oberstaufen für den Stiftungsrat der Leprosenstiftung - Beschlussfassung (beschließend);Wahl der weiteren Stellvertreter Die weiteren Bürgermeister, gleichzeitig auch Stellvertreter des Ersten Bürgermeisters, wurden durch Wahl der Gremiumsmitglieder aus deren Kreis bestimmt. Auf Vorschlag der Freien Wähler wurde erneut Markus Geißler (CSU) als 2.;
2026-05-07;Marktgemeinderat;16;Bestellung der Vertreter des Marktes Oberstaufen bei der Musikschule Oberallgäu-Süd e. V. - Beschlussfassung (beschließend);Wahl der weiteren Stellvertreter Die weiteren Bürgermeister, gleichzeitig auch Stellvertreter des Ersten Bürgermeisters, wurden durch Wahl der Gremiumsmitglieder aus deren Kreis bestimmt. Auf Vorschlag der Freien Wähler wurde erneut Markus Geißler (CSU) als 2.;
2026-05-07;Marktgemeinderat;17.1;Bestellung eines Familienbeauftragten - Beschlussfassung (beschließend);Die Ausübung eines Ehrenamtes sei mittlerweile bei weitem keine Selbstverständlic hkeit mehr. Viele würden die damit verbundenen Verpflichtungen scheuen, ob im Verein, in anderen Organisationen oder eben in der Politik.;
2026-05-07;Marktgemeinderat;17.2;Bestellung eines Jugendbeauftragten - Beschlussfassung (beschließend);Die Ausübung eines Ehrenamtes sei mittlerweile bei weitem keine Selbstverständlic hkeit mehr. Viele würden die damit verbundenen Verpflichtungen scheuen, ob im Verein, in anderen Organisationen oder eben in der Politik.;
2026-05-07;Marktgemeinderat;17.3;Bestellung eines Seniorenbeauftragten - Beschlussfassung (beschließend);Die Ausübung eines Ehrenamtes sei mittlerweile bei weitem keine Selbstverständlic hkeit mehr. Viele würden die damit verbundenen Verpflichtungen scheuen, ob im Verein, in anderen Organisationen oder eben in der Politik.;
2026-05-07;Marktgemeinderat;18;Bestellung von Erstem Bürgermeister Martin Beckel zum Standesbeamten - Beschlussfassung (beschließend);Mai 2026 Eröffnung der neuen Sitzungsperiode Erster Bürgermeister Martin Beckel eröffnete seine dritte Amtszeit mit einem kurzen Rückblick auf die Kommunalwahl am 8. März 2026, die im Gremium der Marktgemeinde zu Veränderungen auf acht Positionen führte.;
2026-05-07;Marktgemeinderat;19;Bestellung eines Datenschutzbeauftragten - Beschlussfassung (beschließend);Die Ausübung eines Ehrenamtes sei mittlerweile bei weitem keine Selbstverständlic hkeit mehr. Viele würden die damit verbundenen Verpflichtungen scheuen, ob im Verein, in anderen Organisationen oder eben in der Politik.;
2026-04-16;Marktgemeinderat;2;Tourismus Eigenbetrieb Oberstaufen (beschließend);April 2026 Tourismus Eigenbetrieb Oberstaufen (TEO) Feststellung und Entlastung des kaufmännischen Jahr esabschlusses 2021/kamerale Jahresrechnung 2021 Der Marktgemeinderat (Art. 88 Abs. 4 Satz 1 GO) ste llte die kamerale Jahresrechnung 2021 (Art.;
2026-04-16;Marktgemeinderat;2.1;Feststellung und Entlastung des kaufmännischen Jahresabschlusses 2021 / kamerale Jahresrechnung 2021 - Beschlussfassung;April 2026 Tourismus Eigenbetrieb Oberstaufen (TEO) Feststellung und Entlastung des kaufmännischen Jahr esabschlusses 2021/kamerale Jahresrechnung 2021 Der Marktgemeinderat (Art. 88 Abs. 4 Satz 1 GO) ste llte die kamerale Jahresrechnung 2021 (Art.;
2026-04-16;Marktgemeinderat;2.2;Feststellung und Entlastung des kaufmännischen Jahresabschlusses 2022 / kamerale Jahresrechnung 2022 - Beschlussfassung (beschließend);April 2026 Tourismus Eigenbetrieb Oberstaufen (TEO) Feststellung und Entlastung des kaufmännischen Jahr esabschlusses 2021/kamerale Jahresrechnung 2021 Der Marktgemeinderat (Art. 88 Abs. 4 Satz 1 GO) ste llte die kamerale Jahresrechnung 2021 (Art.;
2026-04-16;Marktgemeinderat;2.3;Neukalkulation Kur- und Fremdenverkehrsbeitrag - Beschlussfassung (beschließend);Neukalkulation Kur- und Fremdenverkehrsbeitrag Die derzeitige Höhe des Kurbeitrags der Marktgemein de basiert auf der Kalkulation aus dem Jahr 2022. Diese Kalkulation umfasst die Jahre 2023 bis einschließlich 2026 mit einem Kalkulationszeitraum von vier Jahren.;
2026-04-16;Marktgemeinderat;3;"Baugebiete ""Auf der Halde"" (Wiedemannsdorf) und ""Am Anger"" (Steibis) (beschließend)";Baugebiete „Auf der Halde“ (Wiedemannsdorf) und „Am Anger“ (Steibis) Erbbaurechtsvertrag Der Marktgemeinderat hat in der Sitzung vom 17. Sep tember 2025 die wesentlichen Punkte zur Bauplatzvergabe besprochen und Festlegun gen bezüglich des Erbbaurechtvertrages getroffen.;
2026-04-16;Marktgemeinderat;3.2;Festlegung Grundstückswerte - Beschlussfassung (beschließend);Festlegung Grundstückswerte Bei den Bauplätzen „Am Anger“ in Steibis wurde im Jahr 2017 bereits ein Bauplatzpreis von 190,00 Euro pro m² festgehalten. Unter Berücksichtigung des Verbraucherpreisindex und einer Verzinsung von 3 v. H./pro Jahr ergibt sich ein m² Preis von 297,92 Euro (aufgerundet 300,00 Euro).;
2026-04-16;Marktgemeinderat;4.1;Spritzdeckenteerung von Straßen und Wanderwegen im Gemeindegebiet - Beschlussfassung (beschließend);Die Verwaltung sieht deshalb einen m²-Preis von 260,00 Euro/m² ohne Erschließung als realistisch an. Der Marktgemeinderat beschloss einstimmig die Bauplatzpreise wie folgt festzulegen: Am Anger, Steibis: 310,00 Euro pro m² plus ökologische Ausgleichsfläche 10,00 Euro pro m².;einstimmig
2026-04-16;Marktgemeinderat;4.2;Kläranlage, Klärschlammentsorgung - Beschlussfassung (beschließend);Kläranlage, Klärschlammentsorgung Im Jahr 2019 wurde für die Klärschlammentsorgung im Rahmen einer europaweiten Ausschreibung für die Einkaufsgemeinschaft Allgäu A ngebote eingeholt. Die Einkaufsgemeinschaft Allgäu setzte sich aus den grö ßeren Kläranlage im Allgäuer Raum zusammen. Die Firma Emter aus Altenstadt bei Schongau erhielt als günstigster Bieter den Zuschlag.;
2026-04-16;Marktgemeinderat;4.3;Wasserversorgung, Sanierung Leitungsnetz - Beschlussfassung (beschließend);Aufgrund der aktuell absehbaren Unwägbarkeiten (Evaluation MOBIL PASS ALLGÄU, Kosten Sanierung Kurhaus, Besteuerung Kurbeitrag) hinsichtlich des in die Kalkulation einzustellenden Deckungsbedarf erscheint es jedoch nicht möglich und auch nicht sinnvoll, eine verlässliche Kalkulation im Laufe de s Jahres 2026 zu erstellen.;
2026-04-16;Marktgemeinderat;5.1;Neuerlass der Ortsgestaltungssatzung, Beschlussfassung (beschließend);Ortsrecht Neuerlass der Ortsgestaltungssatzung Der Marktgemeinderat beschloss einstimmig die neue Ortsgestaltungssatzung in der abgedruckten geänderten und gekürzten Form. Die Aus fertigung der Satzung ist ebenfalls im Marktbauamt und auf der Internetseite www.oberstaufen.info  Rathaus & Bürgerservice  Ortsrecht  Baurecht zu finden. Erlass einer Verordnung über das Offenhalten von Ve rkaufsstellen (verkaufsoffener;einstimmig
2026-04-16;Marktgemeinderat;5.2;Erlass einer Verordnung über das Offenhalten von Verkaufsstellen (verkaufsoffener Sonntag) - Beschlussfassung (beschließend);66 GO die im Haushalt 2021 angefallenen überplanmäßigen A usgaben (Haushaltsüberschreitungen), soweit sie erheblich s ind und die Genehmigung nicht schon in früheren Beschlüssen des Marktgemeinderate s oder seiner beschließenden Ausschüsse erfolgt ist.;
2026-04-16;Marktgemeinderat;6.1;Örtliche Bedarfsplanung für das Jahr 2026/2027 - Beschlussfassung (beschließend);April 2026 Tourismus Eigenbetrieb Oberstaufen (TEO) Feststellung und Entlastung des kaufmännischen Jahr esabschlusses 2021/kamerale Jahresrechnung 2021 Der Marktgemeinderat (Art. 88 Abs. 4 Satz 1 GO) ste llte die kamerale Jahresrechnung 2021 (Art.;
2026-04-16;Marktgemeinderat;7;Genehmigung der letzten öffentlichen Sitzungsniederschrift (beschließend);66 GO die im Haushalt 2021 angefallenen überplanmäßigen A usgaben (Haushaltsüberschreitungen), soweit sie erheblich s ind und die Genehmigung nicht schon in früheren Beschlüssen des Marktgemeinderate s oder seiner beschließenden Ausschüsse erfolgt ist. Der Marktgemeinderat (Art. 88 Abs. 4 Satz 1 GO) ste llte den vom Wirtschaftsprüfer geprüften kaufmännischen Jahresabschluss 2021 (Art.;
2026-03-05;Marktgemeinderat;2;Aquaria Erlebnisbad-Betriebs GmbH: Wirtschafts-, Finanz- und Stellenplan 2026 - Beschlussfassung (beschließend);03.2026 – Haushalt 2026 beschlossen Der Marktgemeinderat entschied in seiner Sitzung vo m 05.03.2026 zunächst über die Wirtschaftspläne der gemeindlichen GmbH’s und des Tourismus Eigenbetrieb Oberstaufen (TEO) sowie über den Haushaltsplan 2026 der Marktgemeinde selbst.;
2026-03-05;Marktgemeinderat;3;Oberstaufen Tourismus Marketing GmbH (OTM): Wirtschafts-, Finanz- und Stellenplan 2026 - Beschlussfassung (beschließend);03.2026 – Haushalt 2026 beschlossen Der Marktgemeinderat entschied in seiner Sitzung vo m 05.03.2026 zunächst über die Wirtschaftspläne der gemeindlichen GmbH’s und des Tourismus Eigenbetrieb Oberstaufen (TEO) sowie über den Haushaltsplan 2026 der Marktgemeinde selbst.;
2026-03-05;Marktgemeinderat;4;Tourismus Eigenbetrieb Oberstaufen (TEO): Wirtschaftsplan 2026 - Beschlussfassung (beschließend);03.2026 – Haushalt 2026 beschlossen Der Marktgemeinderat entschied in seiner Sitzung vo m 05.03.2026 zunächst über die Wirtschaftspläne der gemeindlichen GmbH’s und des Tourismus Eigenbetrieb Oberstaufen (TEO) sowie über den Haushaltsplan 2026 der Marktgemeinde selbst.;
2026-03-05;Marktgemeinderat;5;Genehmigung Haushaltsplan mit Haushaltssatzung 2026 samt Anlagen - Beschlussfassung (beschließend);03.2026 – Haushalt 2026 beschlossen Der Marktgemeinderat entschied in seiner Sitzung vo m 05.03.2026 zunächst über die Wirtschaftspläne der gemeindlichen GmbH’s und des Tourismus Eigenbetrieb Oberstaufen (TEO) sowie über den Haushaltsplan 2026 der Marktgemeinde selbst.;
2026-03-05;Marktgemeinderat;6;Tourismus Eigenbetrieb Oberstaufen (TEO) (beschließend);2026 zunächst über die Wirtschaftspläne der gemeindlichen GmbH’s und des Tourismus Eigenbetrieb Oberstaufen (TEO) sowie über den Haushaltsplan 2026 der Marktgemeinde selbst. Aquaria Erlebnisbad-Betriebs GmbH: Wirtschafts-, Finanz- und Stellenplan 2026 Die Aquaria Erlebnisbad-Betriebs GmbH legte den Wir tschaftsplan 2026 vor.;
2026-03-05;Marktgemeinderat;6.1;Bekanntmachung des kaufmännischen Jahresabschlusses 2021 / kamerale Jahresrechnung 2021 - Beschlussfassung (beschließend);Genehmigung des Haushaltsplanes und der Haushaltssatzung des Marktes Oberstaufen für das Jahr 2026 In zwei Sitzungen des Haupt- und Finanzausschusses (kameraler Haushalt des Marktes Oberstaufen) und in einer Sitzung des Tourismusauss chusses (kaufmännischer Erfolgs- und Vermögensplan des Tourismus Eigenbetrieb Oberstaufen - TEO) sowie in internen Vorgesprächen wurde der Haushaltsplan 2026 mit Finanzplanung 2027 – 202;
2026-03-05;Marktgemeinderat;6.2;Bekanntmachung des kaufmännischen Jahresabschlusses 2022 / kamerale Jahresrechnung 2022 - Beschlussfassung (beschließend);Genehmigung des Haushaltsplanes und der Haushaltssatzung des Marktes Oberstaufen für das Jahr 2026 In zwei Sitzungen des Haupt- und Finanzausschusses (kameraler Haushalt des Marktes Oberstaufen) und in einer Sitzung des Tourismusauss chusses (kaufmännischer Erfolgs- und Vermögensplan des Tourismus Eigenbetrieb Oberstaufen - TEO) sowie in internen Vorgesprächen wurde der Haushaltsplan 2026 mit Finanzplanung 2027 – 202;
2026-03-05;Marktgemeinderat;6.3;Auftragsvergabe Infopoint Buchenegger Wasserfälle - Beschlussfassung (beschließend);Unter folgendem Link ist der Haushaltsplan 2026 mit Finanzplanung 2027 – 2029 visuell abruf- bar: Link: https://app.kslplus.de/?kunde=4&gemeinde=1&jahr=2026&plantyp=1&planstufe=6 Der Verwaltungshaushalt 2026 weist laufende Einnahmen von 32.;
2026-03-05;Marktgemeinderat;7;Jahresrechnung 2024 des Marktes Oberstaufen (beschließend);Genehmigung des Haushaltsplanes und der Haushaltssatzung des Marktes Oberstaufen für das Jahr 2026 In zwei Sitzungen des Haupt- und Finanzausschusses (kameraler Haushalt des Marktes Oberstaufen) und in einer Sitzung des Tourismusauss chusses (kaufmännischer Erfolgs- und Vermögensplan des Tourismus Eigenbetrieb Oberstaufen - TEO) sowie in internen Vorgesprächen wurde der Haushaltsplan 2026 mit Finanzplanung 2027 – 202;
2026-03-05;Marktgemeinderat;7.2;Feststellung und Entlastung - Beschlussfassung (beschließend);Unter folgendem Link ist der Haushaltsplan 2026 mit Finanzplanung 2027 – 2029 visuell abruf- bar: Link: https://app.kslplus.de/?kunde=4&gemeinde=1&jahr=2026&plantyp=1&planstufe=6 Der Verwaltungshaushalt 2026 weist laufende Einnahmen von 32.;
2026-03-05;Marktgemeinderat;8;Fortführung Renaturierung Konstanzer Ach, BAII - Beschlussfassung (beschließend);Unter folgendem Link ist der Haushaltsplan 2026 mit Finanzplanung 2027 – 2029 visuell abruf- bar: Link: https://app.kslplus.de/?kunde=4&gemeinde=1&jahr=2026&plantyp=1&planstufe=6 Der Verwaltungshaushalt 2026 weist laufende Einnahmen von 32.;
2026-03-05;Marktgemeinderat;9.2;Straßensanierungsmaßnahme 2026 - Beschlussfassung (beschließend);03.2026 – Haushalt 2026 beschlossen Der Marktgemeinderat entschied in seiner Sitzung vo m 05.03.2026 zunächst über die Wirtschaftspläne der gemeindlichen GmbH’s und des Tourismus Eigenbetrieb Oberstaufen (TEO) sowie über den Haushaltsplan 2026 der Marktgemeinde selbst.;
2025-12-11;Marktgemeinderat;2;Kurhaus Oberstaufen: Beschlussfassung zum weiteren Vorgehen auf Basis der Standortanalyse (beschließend);Dezember 2025 Kurhaus Oberstaufen: Beschlussfassung zum weiteren Vorgehen auf Basis der Standortanalyse In der letzten Sitzung des Marktgemeinderates am 13 . November 2025 wurden die Fraktionen nach der Präsentation der Architektur- u nd Stadtplaner und Diskussion in der Runde darum gebeten, in ihren Fraktionen das Th ema Kurhaus Oberstaufen zu diskutieren, damit in der Dezember-Sitzung ein ents prechender Grundsatzb;
2025-12-11;Marktgemeinderat;3;MOBIL PASS ALLGÄU - Verlängerung der Pilotphase bis 31.12.2027 - Anpassung Beitrag - Beschlussfassung (beschließend);MOBIL PASS ALLGÄU – Verlängerung der Pilotphase bis 31.12.2027 – Anpassung Beitrag In der Sitzung der Vollversammlung des MOBIL PASS ALLGÄU am 31. Oktober 2025, die sich aus den 17 teilnehmenden Kommunen, der Allgäu-Walser-Service GmbH als Systembetreiber, der WIIF GmbH für die Projektleitu ng, weiteren zentralen Projektpartnern wie dem Landkreis Oberallgäu – Sac hgebiet ÖPNV, den teilnehmenden Verkehrsverbünde und -;
2025-12-11;Marktgemeinderat;4.1;"Aufhebung des Bebauungsplanes ""Am Staufenhang"" - Beschlussfassung (beschließend)";Dezember 2025 Kurhaus Oberstaufen: Beschlussfassung zum weiteren Vorgehen auf Basis der Standortanalyse In der letzten Sitzung des Marktgemeinderates am 13 . November 2025 wurden die Fraktionen nach der Präsentation der Architektur- u nd Stadtplaner und Diskussion in der Runde darum gebeten, in ihren Fraktionen das Th ema Kurhaus Oberstaufen zu diskutieren, damit in der Dezember-Sitzung ein ents prechender Grundsatzb;
2025-12-11;Marktgemeinderat;4.2;"Aufhebung des Bebauungsplanes ""Pfalzen III"" - Beschlussfassung (beschließend)";Dezember 2025 Kurhaus Oberstaufen: Beschlussfassung zum weiteren Vorgehen auf Basis der Standortanalyse In der letzten Sitzung des Marktgemeinderates am 13 . November 2025 wurden die Fraktionen nach der Präsentation der Architektur- u nd Stadtplaner und Diskussion in der Runde darum gebeten, in ihren Fraktionen das Th ema Kurhaus Oberstaufen zu diskutieren, damit in der Dezember-Sitzung ein ents prechender Grundsatzb;
2025-12-11;Marktgemeinderat;4.3;"Aufhebung des Bebauungsplanes ""Pfalzen V"" - Beschlussfassung (beschließend)";Dezember 2025 Kurhaus Oberstaufen: Beschlussfassung zum weiteren Vorgehen auf Basis der Standortanalyse In der letzten Sitzung des Marktgemeinderates am 13 . November 2025 wurden die Fraktionen nach der Präsentation der Architektur- u nd Stadtplaner und Diskussion in der Runde darum gebeten, in ihren Fraktionen das Th ema Kurhaus Oberstaufen zu diskutieren, damit in der Dezember-Sitzung ein ents prechender Grundsatzb;
2025-12-11;Marktgemeinderat;4.4;Aufstellungsbeschluss für Bebauungsplan Oberstaufen Ortsmitte (Festlegung des Geltungsbereiches zur Sicherung des Gewerbes und Einzelhandels) - Beschlussfassung (informativ);Bauleitplanung Aufhebung des Bebauungsplanes „Am Staufenhang“ Wie bereits mehrfach beraten, besteht die Notwendig keit, dass insbesondere alte Bebauungspläne, die ihren planerischen Bedarf verlo ren haben, aufzuheben sind. Nachdem man bei zwei Bebauungsplänen in Wiedemannsd orf bereits das Aufhebungsverfahren abgeschlossen hat, schlägt die Verwaltung vor, dass ebenso der Bebauungsplan „Staufenhang“ aus dem Jahr 1993 ;
2025-12-11;Marktgemeinderat;4.5;Erlass einer Veränderungssperre zur Sicherung des Gewerbes und Einzelhandels im Zuge des Bebauungsplanes Oberstaufen Ortsmitte - Beschlussfassung (beschließend);Der Marktgemeinderat beschloss einstimmig die Sanierung des Kurhauses anzugehen und hierbei die oben dargestellten Ziele und Ergebnisse aus der Standortanalyse unter dem Vorbehalt der Finanzierbarkeit umzusetzen. Die weiteren Anregungen aus Marktgemeinderat und Verwaltung sind ebenfalls zu b erücksichtigen.;einstimmig
2025-12-11;Marktgemeinderat;5;"Darlehen für die Energiegesellschaft Oberallgäu (EGOA GmbH); Projekt Carport-PV-Anlage Klinik Immenstadt - Beschlussfassung (beschließend)";In der Diskussion stellte sich heraus, dass der Mar ktgemeinderat klar hinter dem Projekt Kurhaus Oberstaufen steht. Für die weiteren Beschlüsse sind generell Kostenaufstellungen gewünscht, besonders für die Th emen Altlasten und das Brandschutzkonzept. Außerdem wurde der Vorbehalt de r Finanzierbarkeit mit in den Beschluss aufgenommen.;
2025-11-13;Marktgemeinderat;2;Neufassung Kurbeitragssatzung - Beschlussfassung (beschließend);November 2025 Neufassung Kurbeitragssatzung Der Marktgemeinderat beschloss einstimmig die Neufassung der Kurbeitragssatzung. Diese tritt zum 1. Dezember 2025 in Kraft. Die Neufassung hängt an der Amtstafel vor dem Rathaus aus und ist auf unserer Internetseite www.;einstimmig
2025-11-13;Marktgemeinderat;3;"Antrag Pfarrgemeinde Maria Schnee Aach; Zuschuss Sanierung Kirche Aach - Beschlussfassung (beschließend)";"Antrag Pfarrgemeinde Maria Schnee Aach; Zuschuss Sanierung Kirche Aach Mit Antrag vom 02.10.2025 beantragte die Pfarrgemeinde Maria Schnee in Aach einen Zuschuss für die Sanierung der Kirchendecke sowie d ie Beseitigung der statischen Mängel im Turm.";
2025-11-13;Marktgemeinderat;4;Erfrischungsgeld Wahlhelfer allgemeine Gemeinde- und Landkreiswahlen am 08.03.2026 - Beschlussfassung (beschließend);Aus der Sitzung des Marktgemeinderates am 13. November 2025 Neufassung Kurbeitragssatzung Der Marktgemeinderat beschloss einstimmig die Neufassung der Kurbeitragssatzung. Diese tritt zum 1. Dezember 2025 in Kraft.;einstimmig
2025-11-13;Marktgemeinderat;5;Ersatzbeschaffung Persönlicher Schutzausrüstung (PSA) für die Feuerwehr Oberstaufen - Beschlussfassung (beschließend);Ersatzbeschaffung Persönlicher Schutzausrüstung (PS A) für die Feuerwehr Oberstaufen Die Einsatzkleidung der Feuerwehr Oberstaufen ist in die Jahre gekommen und zeigt auch kein einheitliches Bild mehr. Der Marktgemeind erat beschloss deshalb auf Vorschlag der Feuerwehr und der Verwaltung einstimm ig die Beschaffung von 65 neuen Feuerwehranzügen für die Feuerwehr Oberstaufen mit einem Gesamtvolumen von 97.;
2025-11-13;Marktgemeinderat;6;Freibad Thalkirchdorf (beschließend);Freibad Thalkirchdorf Auftragsvergabe Architektenleistung Der Marktgemeinderat wurde darüber informiert, dass in dem durchgeführten Vergabeverfahren für die Architektenleistung das Bü ro Alpstein aus Immenstadt mit 27,76 Punkten als Sieger hervorging und somit diese m der Zuschlag zu erteilen war.;
2025-11-13;Marktgemeinderat;6.1;Auftragsvergabe Architektenleistung - informativ (informativ);Freibad Thalkirchdorf Auftragsvergabe Architektenleistung Der Marktgemeinderat wurde darüber informiert, dass in dem durchgeführten Vergabeverfahren für die Architektenleistung das Bü ro Alpstein aus Immenstadt mit 27,76 Punkten als Sieger hervorging und somit diese m der Zuschlag zu erteilen war.;
2025-11-13;Marktgemeinderat;6.2;"Teilnahme am Bundesprogramm "" Sanierung kommunaler Sportstätten"" - Beschlussfassung";"Antrag Pfarrgemeinde Maria Schnee Aach; Zuschuss Sanierung Kirche Aach Mit Antrag vom 02.10.2025 beantragte die Pfarrgemeinde Maria Schnee in Aach einen Zuschuss für die Sanierung der Kirchendecke sowie d ie Beseitigung der statischen Mängel im Turm.";
2025-11-13;Marktgemeinderat;7;Kläranlage Oberstaufen: Auftragsvergabe Modernisierung Schaltschränke und Elektroverteilung - Beschlussfassung (beschließend);Freibad Thalkirchdorf Auftragsvergabe Architektenleistung Der Marktgemeinderat wurde darüber informiert, dass in dem durchgeführten Vergabeverfahren für die Architektenleistung das Bü ro Alpstein aus Immenstadt mit 27,76 Punkten als Sieger hervorging und somit diese m der Zuschlag zu erteilen war.;
2025-10-09;Marktgemeinderat;3;Oberstaufen Tourismus Marketing GmbH (OTM): Jahresabschluss 2024 - Beschlussfassung (beschließend);Oktober 2025 Oberstaufen Tourismus Marketing GmbH (OTM): Jahresabschluss 2024 Der Jahresabschluss 2024 wurde von der Buchhaltung der OTM aufgestellt und von der WISO Treuhand & Revision GmbH, Wirtschaftsprüfe r Alexander Schwendinger, geprüft und testiert.;
2025-10-09;Marktgemeinderat;4;Aquaria Erlebnisbad-Betriebs GmbH: Jahresabschluss 2024 - Beschlussfassung (beschließend);Oktober 2025 Oberstaufen Tourismus Marketing GmbH (OTM): Jahresabschluss 2024 Der Jahresabschluss 2024 wurde von der Buchhaltung der OTM aufgestellt und von der WISO Treuhand & Revision GmbH, Wirtschaftsprüfe r Alexander Schwendinger, geprüft und testiert.;
2025-10-09;Marktgemeinderat;5;Ortswärme Oberstaufen Verwaltungs GmbH: Feststellung des Jahresabschlusses 2024 mit Entlastung der Geschäftsführung - Beschlussfassung (beschließend);Oktober 2025 Oberstaufen Tourismus Marketing GmbH (OTM): Jahresabschluss 2024 Der Jahresabschluss 2024 wurde von der Buchhaltung der OTM aufgestellt und von der WISO Treuhand & Revision GmbH, Wirtschaftsprüfe r Alexander Schwendinger, geprüft und testiert.;
2025-10-09;Marktgemeinderat;6;Ortswärme Oberstaufen GmbH & Co. KG (informativ);Oktober 2025 Oberstaufen Tourismus Marketing GmbH (OTM): Jahresabschluss 2024 Der Jahresabschluss 2024 wurde von der Buchhaltung der OTM aufgestellt und von der WISO Treuhand & Revision GmbH, Wirtschaftsprüfe r Alexander Schwendinger, geprüft und testiert.;
2025-10-09;Marktgemeinderat;6.1;Feststellung des Jahresabschlusses 2024 mit Entlastung der Geschäftsführung - Beschlussfassung (beschließend);Oktober 2025 Oberstaufen Tourismus Marketing GmbH (OTM): Jahresabschluss 2024 Der Jahresabschluss 2024 wurde von der Buchhaltung der OTM aufgestellt und von der WISO Treuhand & Revision GmbH, Wirtschaftsprüfe r Alexander Schwendinger, geprüft und testiert.;
2025-10-09;Marktgemeinderat;6.2;Wirtschafts- und Finanzplan 2026 - Beschlussfassung (beschließend);Oktober 2025 Oberstaufen Tourismus Marketing GmbH (OTM): Jahresabschluss 2024 Der Jahresabschluss 2024 wurde von der Buchhaltung der OTM aufgestellt und von der WISO Treuhand & Revision GmbH, Wirtschaftsprüfe r Alexander Schwendinger, geprüft und testiert. Die Gesellschaft erzielte im Geschäftsjahr 2024 einen Jahresüberschuss in Höhe von 73.000,00 Euro, gegenüber einem Vorjahresüberschuss von 35.;
2025-10-09;Marktgemeinderat;6.3;Bestellung des Wirtschaftsprüfers - Beschlussfassung (beschließend);Bestellung des Wirtschaftsprüfers: Der Marktgemeinderat beschloss einstimmig, Ersten Bürgermeister Martin Beckel zu ermächtigen, in der Gesellschafterversammlung für das Jahr 2025 den Wir tschaftsprüfer Alexander Schwendinger, WISO Treuhand und Revision GmbH, Kempten, zu bestellen. Ermächtigung Gesellschafter Wirtschaftsplan: Erster Bürgermeister Martin Beckel wurde einstimmig ermächtigt, auf Vorschlag des Geschäftsf;einstimmig
2025-10-09;Marktgemeinderat;6.4;Ermächtigung Gesellschafter Wirtschaftsplan - Beschlussfassung (beschließend);Der Marktgemeinderat ermächtigt e einstimmig Ersten Bürgermeister Martin Beckel, als Vertreter des Alle ingesellschafters Markt Oberstaufen, unter Verzicht auf alle vorgeschrieben en Formen und Fristen, in einer gesonderten Gesellschafterversammlung der Oberstauf en Tourismus Marketing GmbH - OTM - folgende Beschlüsse zu fassen: Jahresabschluss: Der Jahresabschluss 2024 wurde von der WISO Treuha nd & Revision GmbH, K;einstimmig
2025-09-17;Marktgemeinderat;2;Einzelhandels- und Gastronomiekonzept, Vorstellung und Beschlussfassung (beschließend);September 2025 Einzelhandels- und Gastronomiekonzept beschlossen Den Marktgemeinderatsmitgliedern wurde das Einzelhandels- und Gastronomiekonzept vorgestellt. Dr. Gino Meier von der beauftragten Gesellschaft für Markt- und Absatzforschung mbH (GMA) zeigte den Räten in der Sitzung einige wesentliche Ergebnisse des Konzeptes vor, welches auch unter Einbindung relevanter Akteure aus Einzelhandel und Gastronomie sowie vo;
2025-09-17;Marktgemeinderat;3;Integriertes Verkehrs- und Parkraumkonzept, Vorstellung und Beschlussfassung (beschließend);Integriertes Verkehrs- und Parkraumkonzept beschlossen Dieses Konzept wurde zeitlich parallel zum Einzelhandels- und Gastronomiekonzept erarbeitet und das Ergebnis konnte nun ebenfalls im Marktgemeinderat vorgestellt werden.;
2025-09-17;Marktgemeinderat;4;Bestellung eines Wahlleiters und dessen Stellvertreter zu den anstehenden allgemeinen Gemeinde- und Landkreiswahlen (Kommunalwahl) am 08.03.2026 - Beschlussfassung (beschließend);Aus der Sitzung des Marktgemeinderates vom 17. September 2025 Einzelhandels- und Gastronomiekonzept beschlossen Den Marktgemeinderatsmitgliedern wurde das Einzelhandels- und Gastronomiekonzept vorgestellt. Dr.;
2025-09-17;Marktgemeinderat;5;Tourismus Eigenbetrieb Oberstaufen: Feststellung und Entlastung des kaufmännischen Jahresabschlusses 2020 / kamerale Jahresrechnung 2020 - Beschlussfassung (beschließend);Tourismus Eigenbetrieb Oberstaufen (TEO) – Feststellung des Jahresabschlusses 2020 Das von Kämmerer Matthias Straub vorgestellte Ergebnis des kaufmännischen Jahresabschlusses sowie der kameralen Jahresrechnung jeweils für das Jahr 2020 wurde durch Beschluss des Marktgemeinderates festgestellt.;
2025-09-17;Marktgemeinderat;6;Regiebetrieb Wasserwerk Oberstaufen: Steuerlicher Jahresabschluss 2021 - Beschlussfassung (beschließend);Tourismus Eigenbetrieb Oberstaufen (TEO) – Feststellung des Jahresabschlusses 2020 Das von Kämmerer Matthias Straub vorgestellte Ergebnis des kaufmännischen Jahresabschlusses sowie der kameralen Jahresrechnung jeweils für das Jahr 2020 wurde durch Beschluss des Marktgemeinderates festgestellt.;
2025-09-17;Marktgemeinderat;7;Erlass einer neuen Stellplatzsatzung - Beschlussfassung (beschließend);Neuerlass der Stellplatzsatzung Auf Empfehlung des Bau- und Umweltausschusses hat der Marktgemeinderat einstimmig eine neue „Satzung zur Einführung einer Pflicht zum Nachweis von Stellplätzen für Kraftfahrzeuge (Stellplatzsatzung)“ beschlossen.;einstimmig
2025-09-17;Marktgemeinderat;8;Erlass einer neuen Richtlinie für die Vergabe von Wohnbaugrundstücken in gemeindeeigenen Baugebieten des Marktes Oberstaufen - Beschlussfassung (beschließend);Das Konzept ist auf der Homepage des Marktes Oberstaufen bereitgestellt. Die Ergebnisse des Konzeptes sollen zudem in diesem Jahr noch bei einer Bürgerinformationsveranstaltung vorgestellt werden. Der Termin dafür wird noch bekannt gegeben.;
2025-09-17;Marktgemeinderat;9.1;"Baugebiet ""Auf der Halde"": Vergabe der Bauleistungen für die Roherschließung - Beschlussfassung (beschließend)";Neue Richtlinien für die Vergabe von Wohnbaugrundstücken in gemeindeeigenen Baugebieten beschlossen Im Bau- und Umweltausschuss wurden die neuen Vergaberichtlinien erarbeitet und nun dem Marktgemeinderat zum Beschluss empfohlen. Der Marktgemeinderat beschloss die vorgelegte Vergaberichtlinie mit der Änderung, dass der Erbbauzins auf 2,5 % abgeändert wird, dass das Grundstück nach vierzig Jahren über den Erbbauzins fi;
2025-09-17;Marktgemeinderat;9.2;Wasserversorgung Imberggebiet: Vergabe der Bauleistungen für den Rohrleitungsbau - Beschlussfassung (beschließend);Neue Richtlinien für die Vergabe von Wohnbaugrundstücken in gemeindeeigenen Baugebieten beschlossen Im Bau- und Umweltausschuss wurden die neuen Vergaberichtlinien erarbeitet und nun dem Marktgemeinderat zum Beschluss empfohlen. Der Marktgemeinderat beschloss die vorgelegte Vergaberichtlinie mit der Änderung, dass der Erbbauzins auf 2,5 % abgeändert wird, dass das Grundstück nach vierzig Jahren über den Erbbauzins fi;
2025-09-17;Marktgemeinderat;9.3;Bauhof Oberstaufen: Ersatzbeschaffung für Radlader (OA-Q 4976) - Beschlussfassung (beschließend);Ersatzbeschaffung eines Radladers für den Bauhof Oberstaufen Der vorhandene Radlader der Marke Atlas ist Baujahr 2017. Aufgrund einer neuen arbeitsrechtlichen Vorschrift darf der vorhandene Arbeitskorb so nicht mehr weiterbetrieben werden. Aktuell kann der Arbeitskorb nur über das Cockpit des Radladers bedient werden.;
2025-09-17;Marktgemeinderat;10;Neuerlass einer Satzung über die Erhebung von Verwaltungskosten im eigenen Wirkungskreis - Beschlussfassung;Wasserwerk Oberstaufen – steuerlicher Jahresabschluss 2021 Kämmerer Matthias Straub berichtete über den mittlerweile vorliegenden steuerlichen Jahresabschluss für das gemeindliche Wasserwerk zum Jahr 2021. Der steuerliche Jahresabschluss 2021, inklusive Körperschaft- und Gewerbesteuerklärung, wurde von der Steuerkanzlei asr PartGmbB erstellt.;
2025-09-17;Marktgemeinderat;11;Erlass einer Verordnug über das Offenhalten von Verkaufsstellen (verkaufsoffener Sonntag) - Beschlussfassung (beschließend);Wasserwerk Oberstaufen – steuerlicher Jahresabschluss 2021 Kämmerer Matthias Straub berichtete über den mittlerweile vorliegenden steuerlichen Jahresabschluss für das gemeindliche Wasserwerk zum Jahr 2021. Der steuerliche Jahresabschluss 2021, inklusive Körperschaft- und Gewerbesteuerklärung, wurde von der Steuerkanzlei asr PartGmbB erstellt.;
2025-07-10;Marktgemeinderat;2.1;Förderung des ländlichen Raums im ELER-Verfahren: Straßenbau in Laufenegg, Döbelisried, Hinterreute, Vorderreute Tiefbauarbeiten - Beschlussfassung;Juli 2025 Förderung des ländlichen Raums im ELER-Verfahren: Straßenbau in Laufenegg, Döbelisried, Hinterreute und Vorderreute, Auftragsvergabe Der Marktgemeinderat beschloss, den Auftrag an die Fa.;
2025-07-10;Marktgemeinderat;2.2;Wasserversorgung Imberggebiet, Bau Hochbehälter - Beschlussfassung (beschließend);Wasserversorgung Imberggebiet, Bau Hochbehälter Die Räte vergaben den Auftrag zum Bau eines Hochbeh älters (90 m³) am Imberg an den günstigsten Bieter, die Firma Hawle, Freilassin g, zu einer Angebotssumme von 198.;
2025-07-10;Marktgemeinderat;2.3;Wasserversorgung Sanierung Leitungsnetz - Beschlussfassung (beschließend);Wasserversorgung Imberggebiet, Bau Hochbehälter Die Räte vergaben den Auftrag zum Bau eines Hochbeh älters (90 m³) am Imberg an den günstigsten Bieter, die Firma Hawle, Freilassin g, zu einer Angebotssumme von 198.;
2025-07-10;Marktgemeinderat;2.4;Regenüberlaufbecken Süd, Einbau eines Rechen - Beschlussfassung (beschließend);Wasserversorgung Imberggebiet, Bau Hochbehälter Die Räte vergaben den Auftrag zum Bau eines Hochbeh älters (90 m³) am Imberg an den günstigsten Bieter, die Firma Hawle, Freilassin g, zu einer Angebotssumme von 198.273 Euro (netto). Die Firma Hawle hat bereits den Hochbehälter am Hündle errichtet.;
2025-07-10;Marktgemeinderat;2.5;Sanierung Fußgängerzone Schloßstr / Kirchplatz, Planung - Beschlussfassung (beschließend);Wasserversorgung Sanierung Leitungsnetz Im Zuge einer öffentlichen Ausschreibung wurde die Sanierung des Leitungsnetzes in der Schellenbergstraße, Bauhofweg und Am Alten Weih er ausgeschrieben. Geplant ist die alten Leitungsabschnitte mit Grauguss Rohren – bei denen in den letzten Jahren vermehrt Rohrbrüche auftraten – durch Duktilen-Guss bzw.;
2025-07-10;Marktgemeinderat;3.1;"Billigungs- und Beteiligungsbeschluss zur Aufhebung des Bebauungsplanes ""Teilbaulinienplan Wiedemannsdorf"" (beschließend)";Bauleitplanung, Aufhebung der Bebauungspläne „Teilb aulinienplan Wiedemannsdorf“ und „Wiedemannsdorf 1“ Diese Bebauungspläne sind relativ alt und die beinh alteten Gebiete mittlerweile bebaut. Die darin getroffenen Festsetzungen sind du rch die aktuellen baurechtlichen Regelungen und teilweise geänderte, zeitgemäße plan erische Vorstellungen stehen diesen beiden Bebauungsplänen entgegen, so dass der Marktgemeinderat ;
2025-07-10;Marktgemeinderat;3.2;"Billigungs- und Beteiligungsbeschluss zur Aufhebung des Bebauungsplanes ""Wiedemannsdorf 1"" (beschließend)";Bauleitplanung, Aufhebung der Bebauungspläne „Teilb aulinienplan Wiedemannsdorf“ und „Wiedemannsdorf 1“ Diese Bebauungspläne sind relativ alt und die beinh alteten Gebiete mittlerweile bebaut. Die darin getroffenen Festsetzungen sind du rch die aktuellen baurechtlichen Regelungen und teilweise geänderte, zeitgemäße plan erische Vorstellungen stehen diesen beiden Bebauungsplänen entgegen, so dass der Marktgemeinderat ;
2025-07-10;Marktgemeinderat;4;Tourismus Eigenbetrieb Oberstaufen;Tourismus Eigenbetrieb Oberstaufen (TEO): Bekanntma chung des kaufmännischen Jahresabschlusses 2020 Dem Marktgemeinderat wurden gemäß den einschlägigen Vorschriften der Gemeindeordnung - GO (Art. 88 Abs. 4 Satz 1 und Art . 102 Abs. 2) jeweils das Ergebnis der kameralen Jahresrechnung 2020 sowie da s des kaufmännischen Jahresabschlusses 2020 des TEO bekannt gegeben.;
2025-07-10;Marktgemeinderat;4.1;Tourismus Eigenbetrieb Oberstaufen (TEO): Bekanntmachung des kaufmännischen Jahresabschlusses 2020 / kamerale Jahresrechnung 2020 - Beschlussfassung (beschließend);Tourismus Eigenbetrieb Oberstaufen (TEO): Bekanntma chung des kaufmännischen Jahresabschlusses 2020 Dem Marktgemeinderat wurden gemäß den einschlägigen Vorschriften der Gemeindeordnung - GO (Art. 88 Abs. 4 Satz 1 und Art . 102 Abs. 2) jeweils das Ergebnis der kameralen Jahresrechnung 2020 sowie da s des kaufmännischen Jahresabschlusses 2020 des TEO bekannt gegeben.;
2025-07-10;Marktgemeinderat;4.2;Tourismus Eigenbetrieb Oberstaufen (TEO) Beschaffung Wanderwegepflegegerät - Beschlussfassung (beschließend);Tourismus Eigenbetrieb Oberstaufen (TEO): Bekanntma chung des kaufmännischen Jahresabschlusses 2020 Dem Marktgemeinderat wurden gemäß den einschlägigen Vorschriften der Gemeindeordnung - GO (Art. 88 Abs. 4 Satz 1 und Art . 102 Abs. 2) jeweils das Ergebnis der kameralen Jahresrechnung 2020 sowie da s des kaufmännischen Jahresabschlusses 2020 des TEO bekannt gegeben.;
2025-07-10;Marktgemeinderat;5;Durchführung der Veranstaltung „Winterzauber 2025/26“ am Standort Marienplatz Oberstaufen - Beschlussfassung (beschließend);Juli 2025 Förderung des ländlichen Raums im ELER-Verfahren: Straßenbau in Laufenegg, Döbelisried, Hinterreute und Vorderreute, Auftragsvergabe Der Marktgemeinderat beschloss, den Auftrag an die Fa.;
2025-07-10;Marktgemeinderat;6;Unterstützung des Montessori-Kindergartens, Änderung der Defizitvereinbarung - Beschlussfassung (beschließend);die staatliche Förderung von Kindertageseinrichtungen in Bayern und soll im kommenden Jahr reformiert werden. Daher wird den Gemeinden se itens des Bayerischen Gemeindetages aktuell davon abgeraten, langfristige Vereinbarungen mit Betreibern von Kindertageseinrichtungen zur anteiligen Übernahme von Defiziten zu treffen.;
2025-07-10;Marktgemeinderat;7;Änderung der Kurbeitragssatzung - Beschlussfassung;Änderung der Kurbeitragssatzung Der Bayerische Verwaltungsgerichtshof hatte im Rahm en eines Normenkontrollverfahrens über die Kurbeitragssatzun g des Markt Oberstaufen entschieden. Dabei kam er zu dem Ergebnis, dass die se Satzung zwar nicht wie beantragt insgesamt nichtig sei, es jedoch für die in § 3a Abs. 1 S. 1 der Satzung geregelte Pflicht zur Ausstellung einer elektronisc hen Gästekarte durch den Beherbergungs;
2025-07-10;Marktgemeinderat;8;Genehmigung der letzten öffentlichen Sitzungsniederschrift (beschließend);Wasserversorgung Sanierung Leitungsnetz Im Zuge einer öffentlichen Ausschreibung wurde die Sanierung des Leitungsnetzes in der Schellenbergstraße, Bauhofweg und Am Alten Weih er ausgeschrieben. Geplant ist die alten Leitungsabschnitte mit Grauguss Rohren – bei denen in den letzten Jahren vermehrt Rohrbrüche auftraten – durch Duktilen-Guss bzw.;
2025-07-10;Marktgemeinderat;9.1;ehem. Krankenhaus, Nutzung der Praxisräume;Über Regelarmaturen wird d ort das anfallende Mischwasser bewirtschaftet. Eine gewisse Menge wird ständig in Richtung Kläranlage abgeleitet. Bei Regenereignissen erfolgt eine Rückh altung im dort befindlichen Rückhaltebecken.;
2025-05-08;Marktgemeinderat;2;Jahresrechnung 2023 des Marktes Oberstaufen (beschließend);Jahresrechnung 2023 des Marktes Oberstaufen Der Marktgemeinderat stellte die Jahresrechnung 202 3 (Art. 102 GO) mit folgendem Ergebnis fest: Die Rücklagen betragen zum 31.12.2023 7.912.620,88 Euro , eine Darlehensaufnahme ist nicht erfolgt.;
2025-05-08;Marktgemeinderat;3;Bekanntmachung der Jahresrechnung 2024 des Marktes Oberstaufen - Beschlussfassung (beschließend);Jahresrechnung 2023 des Marktes Oberstaufen Der Marktgemeinderat stellte die Jahresrechnung 202 3 (Art. 102 GO) mit folgendem Ergebnis fest: Die Rücklagen betragen zum 31.12.2023 7.912.620,88 Euro , eine Darlehensaufnahme ist nicht erfolgt.;
2025-05-08;Marktgemeinderat;4.2;Neuerlass der Gebührensatzung für den Kindergarten Thalkirchdorf und Naturkindergarten - Beschlussfassung (beschließend);Des Weiteren wurde einstimmig die „Satzung des Mark tes Oberstaufen über die Erhebung von Gebühren für die Benutzung des Kinderg artens Thalkirchdorf mit Naturkindergarten (Kindergarten-Gebührensatzung)“ b eschlossen. Ab 01.09.2025 gelten damit die folgend dargestellten Gebühren: Kindergarten bisherige Gebühr Erhöhung ab 01.09.2025 3-4 Stunden 122,00 € 129,00 € 4-5 Stunden 134,00 € 141,00 € 5-6 Stunden 147,00 € 155,0;einstimmig
2025-05-08;Marktgemeinderat;4.3;"Sanierungssatzung; hier: Einführung einer Befristung - Beschlussfassung (beschließend)";Des Weiteren wurde einstimmig die „Satzung des Mark tes Oberstaufen über die Erhebung von Gebühren für die Benutzung des Kinderg artens Thalkirchdorf mit Naturkindergarten (Kindergarten-Gebührensatzung)“ b eschlossen.;einstimmig
2025-05-08;Marktgemeinderat;5;Sanierung Freibad Thalkirchdorf: Zuschussantrag, Bauantrag, Ausschreibung Architekt - Beschlussfassung (beschließend);Des Weiteren wurde einstimmig die „Satzung des Mark tes Oberstaufen über die Erhebung von Gebühren für die Benutzung des Kinderg artens Thalkirchdorf mit Naturkindergarten (Kindergarten-Gebührensatzung)“ b eschlossen. Ab 01.09.2025 gelten damit die folgend dargestellten Gebühren: Kindergarten bisherige Gebühr Erhöhung ab 01.09.2025 3-4 Stunden 122,00 € 129,00 € 4-5 Stunden 134,00 € 141,00 € 5-6 Stunden 147,00 € 155,0;einstimmig
2025-05-08;Marktgemeinderat;6;"Umbau ehem. Krankenhaus; Vergabe der Architektenleistung - Beschlussfassung (beschließend)";Der Marktgemeinderat teilte die Auffassung der Verwaltung, das Projekt b is zur Planungsleistung der Leistungsphase 6 (Vorbereitung der Vergabe – Erstel lung des Leistungsverzeichnisses) fortzuführen, Die Ausschre ibung (Verfahren nach Vergabeverordnung – VgV) der Architektenleistung fü r die Leistungsphasen 5-9 ist durchzuführen. Erster Bürgermeister Martin Beckel w urde ermächtigt, die erforderlichen Ingenieur-Leis;
2025-05-08;Marktgemeinderat;7;Auftragsvergaben Tourismus Eigenbetrieb Oberstaufen (TEO);Die kaufmännischen Jahresabschlüsse 2023 für den Re giebetrieb Wasserwerk Oberstaufen und den Tourismus Eigenbetrieb Oberstaufen (TEO) liegen noch nicht vor. Der Rechnungsprüfungsausschuss (Art. 103 GO) stellt e durch Stichproben die ordnungsgemäße Jahresrechnung 2023 (Art. 102 Abs. 3 GO) im Rahmen der örtlichen Rechnungsprüfung fest.;
2025-05-08;Marktgemeinderat;7.1;TEO, Aquaria - Erneuerung Gebäudeleittechnik - Beschlussfassung (beschließend);Auftragsvergaben Tourismus Eigenbetrieb Oberstaufen (TEO) TEO, Aquaria – Erneuerung Gebäudeleittechnik Wie auch in den vergangenen Jahren, soll heuer die Gebäudeleittechnik in bestimmten Bereichen erneuert werden, um den Betrieb weiter aufrecht zu erhalten. Hierzu wurde ein Angebot der Firma Hörbürger aus Wa ltenhofen eingeholt, welche auch die bisherigen Anlagen saniert hat. Es sollen die folgenden Regelungen bzw.;
2025-05-08;Marktgemeinderat;7.2;TEO, Aquaria - Überholung Sauna - Beschlussfassung (beschließend);Auftragsvergaben Tourismus Eigenbetrieb Oberstaufen (TEO) TEO, Aquaria – Erneuerung Gebäudeleittechnik Wie auch in den vergangenen Jahren, soll heuer die Gebäudeleittechnik in bestimmten Bereichen erneuert werden, um den Betrieb weiter aufrecht zu erhalten. Hierzu wurde ein Angebot der Firma Hörbürger aus Wa ltenhofen eingeholt, welche auch die bisherigen Anlagen saniert hat. Es sollen die folgenden Regelungen bzw.;
2025-05-08;Marktgemeinderat;8;Aquaria Erlebnisbad-Betriebs GmbH: Errichtung einer Flachdach PV-Anlage - Beschlussfassung (beschließend);Auftragsvergaben Tourismus Eigenbetrieb Oberstaufen (TEO) TEO, Aquaria – Erneuerung Gebäudeleittechnik Wie auch in den vergangenen Jahren, soll heuer die Gebäudeleittechnik in bestimmten Bereichen erneuert werden, um den Betrieb weiter aufrecht zu erhalten. Hierzu wurde ein Angebot der Firma Hörbürger aus Wa ltenhofen eingeholt, welche auch die bisherigen Anlagen saniert hat. Es sollen die folgenden Regelungen bzw.;
2025-05-08;Marktgemeinderat;9;Förderung des ländlichen Raums im ELER-Verfahren: Wegebau in Döbelisried, Laufenegg, Hinterreute, Vorderreute - Beschlussfassung;Es sollen dabei die Förderungen „Sonderprogramm Schwimmbad-Sanierung“ sowie „Holzbauförderung (CO² Einsparung) beantragt werden. Sonderprogramm Schwimmbadsanierung: Anrechenbare Kosten aus der Kostenberechnung bzw. maximale förderfähige Kosten: 6.608.260,00 Euro. Die maximale Förderobergrenze beträgt 50% Förderung und ergibt ca.;
2025-03-12;Marktgemeinderat;2;Aquaria Erlebnisbad-Betriebs GmbH, Wirtschaftsplan 2025 - Beschlussfassung (beschließend);März 2025 Aquaria Erlebnisbad-Betriebs GmbH: Wirtschaftsplan 2025 Für den Wirtschafts-, Finanz- und Stellenplan ist e in Gesellschafterbeschluss nach Grundlage des §9 Gesellschaftervertrag vom 08.;
2025-03-12;Marktgemeinderat;3;Oberstaufen Tourismus Marketing GmbH, Wirtschaftsplan 2025 - Beschlussfassung (beschließend);März 2025 Aquaria Erlebnisbad-Betriebs GmbH: Wirtschaftsplan 2025 Für den Wirtschafts-, Finanz- und Stellenplan ist e in Gesellschafterbeschluss nach Grundlage des §9 Gesellschaftervertrag vom 08.;
2025-03-12;Marktgemeinderat;4;Tourismus Eigenbetrieb Oberstaufen, Wirtschaftsplan 2025 - Beschlussfassung (beschließend);März 2025 Aquaria Erlebnisbad-Betriebs GmbH: Wirtschaftsplan 2025 Für den Wirtschafts-, Finanz- und Stellenplan ist e in Gesellschafterbeschluss nach Grundlage des §9 Gesellschaftervertrag vom 08.;
2025-03-12;Marktgemeinderat;5;Genehmigung Haushaltsplan mit Haushaltssatzung 2025 samt Anlagen - Beschlussfassung (beschließend);März 2025 Aquaria Erlebnisbad-Betriebs GmbH: Wirtschaftsplan 2025 Für den Wirtschafts-, Finanz- und Stellenplan ist e in Gesellschafterbeschluss nach Grundlage des §9 Gesellschaftervertrag vom 08.;
2025-03-12;Marktgemeinderat;6;Antrag auf Erhöhung des bereits genehmigten Investitionszuschusses und Zwischenfinanzierung für den Trachten- und Heimatvereins Steibis e. V. für Brandschutzsanierung Festhalle Steibis - Beschlussfassung (beschließend);Der Wirtschaftsplan für das Jahr 2025 wurde bereits in der Februar Sitzung des Aquaria-Aufsichtsrates beraten und der Gesellschaft erversammlung in der vorgelegten Form zum Beschluss empfohlen. Prokurist Steffen Schmitt legte den anwesenden Marktgemeinderatsmitgliedern den Wirtsch aftsplan 2025 vor.;
2025-03-12;Marktgemeinderat;7;Auftragsvergabe Sanierung Wasserversorgung Eibele, BAIII (beschließend);für Brandschutzsanierung der Festhalle in Steibis In der Sitzung des Marktgemeinderates vom eptember 2024 wurde der Antrag des Trachten- und Heimatverein Steibis e. V. über einen Investitionszuschuss für die Brandschutzmaßnahmen der Festhalle Steibis behandel t und ein maximaler Investitionszuschuss in Höhe von 110.;
2025-03-12;Marktgemeinderat;8;Genehmigung der letzten öffentlichen Sitzungsniederschrift (beschließend);Genehmigung Haushaltsplan mit Haushaltssatzung 2025 samt Anlagen In zwei Sitzungen des Haupt- und Finanzausschusses, einer Sitzung des Tourismusausschusses und in internen Vorgesprächen wurde der Haushalt 2025 mit Anlagen vorberaten und dem Marktgemeinderat zur Beschlussfassung empfohlen.;
2025-02-13;Marktgemeinderat;2;"Beschaffung eines Löschgruppenfahrzeuges 20 für die Feuerwehr Steibis; Auftragsvergabe - Beschlussfassung (beschließend)";"Februar 2025 Beschaffung eines Löschgruppenfahrzeuges 20 für die Feuerwehr Steibis; Auftragsvergabe In der Sitzung des Marktgemeinderates am 14. Novemb er 2024 wurde die Beauftragung der Verwaltung zum Start des Ausschrei bungsverfahrens zur Ersatzbeschaffung eines Löschgruppenfahrzeuges 20 ( LF 20) für die freiwillige Feuerwehr Steibis beschlossen.";
2025-02-13;Marktgemeinderat;3;Bestellung von Frau Vivienne Schiller zur Standesbeamtin und Ernennung zur stellvertretenden Standesamtsleiterin - Beschlussfassung (beschließend);Bestellung von Frau Vivienne Schiller zur Standesbe amtin und Ernennung zur stellvertretenden Standesamtsleiterin Vivienne Schiller wurde ab Oktober 2024 in ihre neu en Aufgaben im Standesamt eingearbeitet.;
2025-02-13;Marktgemeinderat;4;Neufassung der Wochenmarktgebührensatzung - Beschlussfassung (beschließend);Neufassung der Wochenmarktgebührensatzung Die Wochenmarktgebührensatzung soll neu erlassen we rden, die bisherigen Regelungen werden dabei zur Klarstellung der Abrech nungsbedingungen erweitert. Die Abrechnung erfolgt jährlich zum 30.;
2025-02-13;Marktgemeinderat;5;Öffentlicher Verkehr im Landkreis Oberallgäu, Mobilitätskonzept mobil365 - Beschlussfassung (beschließend);Abzüglich der Förderungen der Regierung von Schwaben, dem Landkreis Oberallgäu und dem freiwilligen Anteil des Feuerwehrvereins St eibis beträgt der Eigenanteil des Marktes ca. 413.000,00 Euro. Die voraussichtliche Produktionsdauer des Fahrzeuges beträgt 28 Monate ab Auftragsvergabe.;
2025-02-13;Marktgemeinderat;6;Vorstellung Bauvorhaben Hugo-von-Königsegg-Straße 12: Abbruch und Neubau - Beschlussfassung (beschließend);Vorstellung Bauvorhaben Hugo-von-Königsegg-Straße 12: Abbruch und Neubau Das Gebäude in der Hugo-von-Königsegg-Straße 12 soll durch einen Neubau ersetzt werden. Es soll hierbei eine gemeinsame Tiefgarage mit dem Anwesen Hugo-von- Königsegg-Straße 10 entstehen. Das Gebäude liegt au ßerhalb der aktuellen Erhaltungssatzung, weshalb hier lediglich das sog.;
2025-02-13;Marktgemeinderat;7.1;"Aufhebung des Bebauungsplanes ""Teilbaulinie Wiedemannsdorf"" - Beschlussfassung (beschließend)";1“ In der Bau- und Umweltausschusssitzung vom 27. November 2024 wurde erneut aus der Mitte der Ausschussmitglieder die Notwendigkeit der Aufhebung von Teilbaulinienplan und Bebauungsplan angemerkt. Die Teilbaulinie Wiedemannsdorf wurde mit Bescheid des Landratsamtes Oberallgäu vom 28.;
2025-02-13;Marktgemeinderat;7.2;"Aufhebung ""Bebauungsplan Wiedemannsdorf Nr. 1"" - Beschlussfassung (beschließend)";1“ In der Bau- und Umweltausschusssitzung vom 27. November 2024 wurde erneut aus der Mitte der Ausschussmitglieder die Notwendigkeit der Aufhebung von Teilbaulinienplan und Bebauungsplan angemerkt. Die Teilbaulinie Wiedemannsdorf wurde mit Bescheid des Landratsamtes Oberallgäu vom 28.;
2025-02-13;Marktgemeinderat;8;Beteiligungsverfahren zum Entwurf zur Fortschreibung des Teilfachkapitels B IV 3.2 Nutzung der Windenergie des Regionalplans der Region Allgäu - Beschlussfassung (beschließend);2 Nutzung der Windenergie des Regionalplans der Region Allgäu In der Sitzung des Bau- und Umweltausschusses wurde bereits darüber beraten, ob das Vorranggebiet für Windenergienutzung auf der Gemeindeflur im Bereich „Hündle“ verbleiben soll.;
2025-02-13;Marktgemeinderat;9;Renaturierung Konstanzer Ach (beschließend);Mai 2 023 wurde beschlossen, die Renaturierung Konstanzer-Ach im 1. Bauabschnitt umz usetzen und hierzu die erforderlichen Genehmigungen einzuholen und die Zus chussanträge zu stellen. Mit Datum vom 5. Dezember 2024 wurde vom Landratsamt Ob erallgäu der Wasserrechtsbescheid für die Gewässerrenaturierung Konstanzer Ach erlassen.;
2025-02-13;Marktgemeinderat;9.1;Wasserrecht und Zuschuss - Beschlussfassung (beschließend);Bauabschnitt umz usetzen und hierzu die erforderlichen Genehmigungen einzuholen und die Zus chussanträge zu stellen. Mit Datum vom 5. Dezember 2024 wurde vom Landratsamt Ob erallgäu der Wasserrechtsbescheid für die Gewässerrenaturierung Konstanzer Ach erlassen.;
2024-12-12;Marktgemeinderat;2.1;Festsetzung der Grundsteuerhebesätze (Hebesatzsatzung) - Beschlussfassung (beschließend);Dezember 2024 Festsetzung der Grundsteuerhebesätze (Hebesatzung) Nach dem Urteil des Bundesverfassungsgerichtes zur Verfassungswidrigkeit der bisherigen Bemessungsgrundlage zur Berechnung der G rundsteuer müssen die Kommunen nunmehr mit Wirkung zum 01.;
2024-12-12;Marktgemeinderat;2.4;Neufassung der Friedhofs- und Bestattungssatzung - Beschlussfassung (beschließend);2025 mit gleichbleibenden Hebesätzen (Grundsteuer A 320%-Punkte, Grundsteuer B 420%-Punkte) Neufassung der Friedhofs- und Bestattungssatzung Der Marktgemeinderat beschloss einstimmig die Neufa ssung der Satzung über die öffentliche Bestattungseinrichtung (Friedhofs- und Bestattungssatzung).;einstimmig
2024-12-12;Marktgemeinderat;2.5;Erlass einer Verordnung über das Offenhalten von Verkaufsstellen (verkaufsoffener Sonntag) - Beschlussfassung (beschließend);Vor dem Hintergrund, dass zurzeit eine genaue Entwi cklung der Grundsteueraufkommen in Grundsteuer A und B für 202 5 nicht abschätzbar sind, schlug die Finanzverwaltung vor, die Hebesätze für das Jahr 2025 gleichbleibend zu belassen und für das Jahr 2026 nach Einpflege aller Schätzungen, Korrekturen und Neuanlagen im Dezember 2025 neu über die Hebesätze zu beraten. Der Marktgemeinderat beschloss einstimmig die Satzun;einstimmig
2024-12-12;Marktgemeinderat;3;Bestätigung des stv. Kommandanten der Feuerwehr Oberstaufen - Beschlussfassung (beschließend);Bestätigung des stellvertretenden Kommandanten der Feuerwehr Oberstaufen Bei der Kommandantenwahl am 9. Dezember 2024 im Feu erwehrhaus Oberstaufen wurde Hans-Peter Geisenhof zum stellvertretenden Ko mmandanten gewählt.;
2024-12-12;Marktgemeinderat;4;Zuschusszahlung Heimatdienst - Beschlussfassung (beschließend);Zuschusszahlung Heimatdienst Der Heimatdienst Oberstaufen ist derzeit beschäftig t mit der Aufstellung des so genannten Kohlerhauses. Der Wohnteil wurde bereits in fachmännischer Arbeit aufgerichtet. Der hintere Tennenteil soll im neuen Jahr fertiggestellt werden.;
2024-12-12;Marktgemeinderat;5;"Bauleitplanung; Aufstellungsbeschluss zur 1. Änderung des Bebauungsplanes ""Auf der Halde"" in Wiedemannsdorf - Beschlussfassung (beschließend)";Bauleitplanung: Aufstellungsbeschluss zur 1. Änderu ng des Bebauungsplanes „Auf der Halde“ in Wiedemannsdorf Mit der Marktgemeinderatssitzung vom 14.11.2024 wur de die Neuüberplanung eines Teilbereiches des Bebauungsplanes „Auf der Halde“ ( hier: nordöstlicher Teil) beschlossen.;
2024-12-12;Marktgemeinderat;6;Auftragsvergabe für Dienstleistungen und Pflege der Friedhofsanlage (Friedhofswärter) - Beschlussfassung (beschließend);Vor dem Hintergrund, dass zurzeit eine genaue Entwi cklung der Grundsteueraufkommen in Grundsteuer A und B für 202 5 nicht abschätzbar sind, schlug die Finanzverwaltung vor, die Hebesätze für das Jahr 2025 gleichbleibend zu belassen und für das Jahr 2026 nach Einpflege aller Schätzungen, Korrekturen und Neuanlagen im Dezember 2025 neu über die Hebesätze zu beraten. Der Marktgemeinderat beschloss einstimmig die Satzun;einstimmig
2024-12-12;Marktgemeinderat;7;"Kommunales Unternehmensrecht Art. 61 Abs. 2 Satz 2 GO; Überprüfung der Privatisierungsklausel - Beschlussfassung";Dezember 2024 Festsetzung der Grundsteuerhebesätze (Hebesatzung) Nach dem Urteil des Bundesverfassungsgerichtes zur Verfassungswidrigkeit der bisherigen Bemessungsgrundlage zur Berechnung der G rundsteuer müssen die Kommunen nunmehr mit Wirkung zum 01.;
2024-12-12;Marktgemeinderat;8;Genehmigung Zulegungsvertrag Alfred und Erna Marie Matthes Stiftung - Beschlussfassung (beschließend);- Übernahme von Pflegearbeiten an den Grünanlagen, Asphaltarbeiten, Bankettarbeiten und Straßensanierungen durch private Dritte - Übernahme von Winterdienstarbeiten durch private Dritte - Auslagerung des touristischen Unternehmensbereiches des Marktes Oberstaufen auf den zum 01.;
2024-12-12;Marktgemeinderat;9;"Marktkasse: Abberufung stv. Kassenverwalterin; Bestellung stv. Kassenverwalterin - Beschlussfassung (beschließend)";"Marktkasse: Abberufung stellvertretende Kassenverwa lterin; Bestellung stellvertretende Kassenverwalterin Der Marktgemeinderat rief mit Ablauf des 31.12.2024 Frau Ruth Bundschuh als Vertreterin der Kassenverwalterin ab und bestellte ab 01.01.2025 Frau Stefanie Mayer als Vertreterin der Kassenverwalterin.";
2024-12-12;Marktgemeinderat;10;Sachstandsbericht IT-Sicherheit und Datenschutz beim Markt Oberstaufen (informativ);Aus der Sitzung des Marktgemeinderates am 12. Dezember 2024 Festsetzung der Grundsteuerhebesätze (Hebesatzung) Nach dem Urteil des Bundesverfassungsgerichtes zur Verfassungswidrigkeit der bisherigen Bemessungsgrundlage zur Berechnung der G rundsteuer müssen die Kommunen nunmehr mit Wirkung zum 01.;
2024-11-14;Marktgemeinderat;2.1;Diskussion und Genehmigung der Fassadengestaltung und Werbeanlage des künftigen Schlossberg Resort im Rahmen des vorhabenbezogenen Bebauungsplanes- Beschlussfassung (beschließend);November 2024 Diskussion und Genehmigung der Fassadengestaltung u nd Werbeanlagen des künftigen Schlossberg Resort im Rahmen des vorhabenbezogenen Bebauungsplanes Nachdem in der Oktober-Sitzung des Marktgemeinderat es eine weitere Überarbeitung der Fassade von den Architekten gefordert wurde, stellt en Vertreter von Bauherr und Planungsbüro in dieser Sitzung die überarbeitete Fassadengestaltung vor: Der Marktgemeinde;
2024-11-14;Marktgemeinderat;2.2;"Bekanntgabe des Durchführungsvertrages zum vorhabenbezogenen Bebauungsplan ""Schlossberg Resort"" - informativ (informativ)";November 2024 Diskussion und Genehmigung der Fassadengestaltung u nd Werbeanlagen des künftigen Schlossberg Resort im Rahmen des vorhabenbezogenen Bebauungsplanes Nachdem in der Oktober-Sitzung des Marktgemeinderat es eine weitere Überarbeitung der Fassade von den Architekten gefordert wurde, stellt en Vertreter von Bauherr und Planungsbüro in dieser Sitzung die überarbeitete Fassadengestaltung vor: Der Marktgemeinde;
2024-11-14;Marktgemeinderat;2.3;"Satzungsbeschluss zum vorhabenbezogenen Bebauungsplan ""Schlossberg Resort"" (beschließend)";November 2024 Diskussion und Genehmigung der Fassadengestaltung u nd Werbeanlagen des künftigen Schlossberg Resort im Rahmen des vorhabenbezogenen Bebauungsplanes Nachdem in der Oktober-Sitzung des Marktgemeinderat es eine weitere Überarbeitung der Fassade von den Architekten gefordert wurde, stellt en Vertreter von Bauherr und Planungsbüro in dieser Sitzung die überarbeitete Fassadengestaltung vor: Der Marktgemeinde;
2024-11-14;Marktgemeinderat;2.4;Sachstandsbericht Wohnraumbedarfsumfrage (informativ);Sachstandsbericht Wohnraumbedarfsumfrage Sachstandsbericht zur frühzeitigen Beteiligung Träg er öffentlicher Belange bei Überplanung des Bebauungsplanes „Auf der Halde“ in Wiedemannsdorf und weiteres Vorgehen Bereits seit längerem befasst sich der Marktgemeind erat mit der Überarbeitung des Bebauungsplanes „Auf der Halde“ in Wiedemannsdorf, um den Einheimischen weitere Bauplätze anbieten zu können.;
2024-11-14;Marktgemeinderat;2.5;"Sachstandsbericht zur frühzeitigen Beteiligung Träger öffentlicher Belange bei Überplanung des Bebauungsplanes ""Auf der Halde"" in Wiedemannsdorf und weiteres Vorgehen - Beschlussfassung (beschließend)";November 2024 Diskussion und Genehmigung der Fassadengestaltung u nd Werbeanlagen des künftigen Schlossberg Resort im Rahmen des vorhabenbezogenen Bebauungsplanes Nachdem in der Oktober-Sitzung des Marktgemeinderat es eine weitere Überarbeitung der Fassade von den Architekten gefordert wurde, stellt en Vertreter von Bauherr und Planungsbüro in dieser Sitzung die überarbeitete Fassadengestaltung vor: Der Marktgemeinde;
2024-11-14;Marktgemeinderat;3.1;Neuerlass der Stellplatzsatzung - Beschlussfassung (beschließend);Neuerlass der Stellplatzsatzung Nach einem Termin im Landratsamt wurde der Verwaltu ng empfohlen, die neue Baugesetznovelle der Bayerischen Bauordnung abzuwarten. Hier wird sich speziell § 47 der Stellplatzverordnung ändern. Das Gesetz soll wohl z um 1. Juni 2025 in Kraft treten. Daher wurde der Neuerlass der Stellplatzsatzung einstimmig von der Tagesordnung abgesetzt.;einstimmig
2024-11-14;Marktgemeinderat;3.2;Erlass der Verordnung über den Ladenschluss im Markt Oberstaufen (Ladenschlussverordnung) - Beschlussfassung (beschließend);Aus der Sitzung des Marktgemeinderates vom 14. November 2024 Diskussion und Genehmigung der Fassadengestaltung u nd Werbeanlagen des künftigen Schlossberg Resort im Rahmen des vorhabenbezogenen Bebauungsplanes Nachdem in der Oktober-Sitzung des Marktgemeinderat es eine weitere Überarbeitung der Fassade von den Architekten gefordert wurde, stellt en Vertreter von Bauherr und Planungsbüro in dieser Sitzung die überarbe;
2024-11-14;Marktgemeinderat;4;Ausschreibung zur Beschaffung eines Löschgruppenfahrzeuges (LF 20) für die Feuerwehr Steibis - Beschlussfassung (beschließend);Gegenstand des Vertrages sind der Neubau eines Hotels mit ca. 160 Zimmern, einem Wellnessbereich und Tagungsmöglichkeiten, Parkgaragen im Untergeschoss des Hotelgebäudes, sowie eines Mitarbeiterhauses einschließlich aller notwendigen Erschließungsmaßnahmen.;
2024-11-14;Marktgemeinderat;5;Umbau ehemaliges Krankenhaus Schloßstraße 28 (beschließend);Umbau ehemaliges Krankenhaus Schloßstraße 28: Bauantrag und Zuschussantrag In den nächsten Tagen soll der Bauantrag für den Umbau des ehemaligen Krankenhauses in der Schloßstraße fertig gestellt werden. Wie schon des Öfteren berichtet, ist vorgesehen in den oberen drei Geschossen zwölf Wohnungen einzubau en, die Umnutzung des Erdgeschosses zu Räumlichkeiten des Familienzentrum s sowie die Nutzung der Räumlichkeiten i;
2024-11-14;Marktgemeinderat;6;"Ortswärme Oberstaufen Verwaltungs GmbH; Feststellung des Jahresabschlusses 2023 mit Entlastung der Geschäftsführung - Beschussfassung (beschließend)";Die Jahresbilanz schloss mit einer Bilanzsumme von 35.351,43 Euro und einem Jahresüberschuss in Höhe von 841,75 Euro ab. Geschäftsführer Josef Aichele wurde uneingeschränkt entlastet. Der Marktgemeinderat nahm die vorgetragene Jahresbilanz 2023 einstimmig zur Kenntnis und ermächtigte Ersten Bürg ermeister Martin Beckel in der Gesellschafterversammlung die notwendigen Beschlüsse zu fassen.;einstimmig
2024-11-14;Marktgemeinderat;7;Ortswärme Oberstaufen GmbH & Co. KG (beschließend);Die Jahresbilanz schloss mit einer Bilanzsumme von 35.351,43 Euro und einem Jahresüberschuss in Höhe von 841,75 Euro ab. Geschäftsführer Josef Aichele wurde uneingeschränkt entlastet. Der Marktgemeinderat nahm die vorgetragene Jahresbilanz 2023 einstimmig zur Kenntnis und ermächtigte Ersten Bürg ermeister Martin Beckel in der Gesellschafterversammlung die notwendigen Beschlüsse zu fassen.;einstimmig
2024-11-14;Marktgemeinderat;10;Angebot E-Carsharing: weiteres Vorgehen - Beschlussfassung (beschließend);Sachstandsbericht Wohnraumbedarfsumfrage Sachstandsbericht zur frühzeitigen Beteiligung Träg er öffentlicher Belange bei Überplanung des Bebauungsplanes „Auf der Halde“ in Wiedemannsdorf und weiteres Vorgehen Bereits seit längerem befasst sich der Marktgemeind erat mit der Überarbeitung des Bebauungsplanes „Auf der Halde“ in Wiedemannsdorf, um den Einheimischen weitere Bauplätze anbieten zu können. Der bisherige Beba;
2024-11-14;Marktgemeinderat;12;Genehmigung der letzten öffentlichen Sitzungsniederschrift (beschließend);November 2024 Diskussion und Genehmigung der Fassadengestaltung u nd Werbeanlagen des künftigen Schlossberg Resort im Rahmen des vorhabenbezogenen Bebauungsplanes Nachdem in der Oktober-Sitzung des Marktgemeinderat es eine weitere Überarbeitung der Fassade von den Architekten gefordert wurde, stellt en Vertreter von Bauherr und Planungsbüro in dieser Sitzung die überarbeitete Fassadengestaltung vor: Der Marktgemeinde;
2024-10-17;Marktgemeinderat;2.1;Diskussion und Genehmigung der Fassadengestaltung und Werbeanlage des künftigen Schlossberg Resort im Rahmen des vorhabenbezogenen Bebauungsplanes - Beschlussfassung (beschließend);Oktober 2024 Bereits vor der Sitzung informierte der Bauherr die Verwaltung, dass die Tagesordnungspunkte „Bekanntgabe des Durchführungsv ertrages zum vorhabenbezogenen Bebauungsplan Schlossberg Resort“ sowie „Satzungsbeschluss zum vorhabenbezogenen Bebauungsplan Schlossberg Resort“ voraussichtlich auf die nächste Sitzung im November verschoben werden soll. Dies wurde einstimmig vom Marktgemeinderat beschlossen.;einstimmig
2024-10-17;Marktgemeinderat;3.1;Hotel Bergkristall, Willis 8: Erweiterung Wellness- und Fitnessbereich sowie teilweise Erneuerung der Balkonbrüstung auf der Süd-, West- und Nordseite - Beschlussfassung (beschließend);Oktober 2024 Bereits vor der Sitzung informierte der Bauherr die Verwaltung, dass die Tagesordnungspunkte „Bekanntgabe des Durchführungsv ertrages zum vorhabenbezogenen Bebauungsplan Schlossberg Resort“ sowie „Satzungsbeschluss zum vorhabenbezogenen Bebauungsplan Schlossberg Resort“ voraussichtlich auf die nächste Sitzung im November verschoben werden soll. Dies wurde einstimmig vom Marktgemeinderat beschlossen.;einstimmig
2024-10-17;Marktgemeinderat;3.2;Hotel Bergkristall, Willis 8: Errichtung einer Tiefgarage und Chalets - Beschlussfassung (beschließend);Hotel Bergkristall, Willis 8: Erweiterung Wellness- und Fitnessbereich sowie teilweise Erneuerung der Balkonbrüstung auf der Süd-, West- und Nordseite Der Bauherr beabsichtigt den Baubestand an die Bedü rfnisse der Gäste anzupassen und entsprechend zu erweitern.;
2024-10-17;Marktgemeinderat;4;Bürgerkarte Oberstaufen (informativ);Der Tagesordnungspunkt galt so rein informativ und es wurde kein Beschluss über die Fassade gefasst. Der Entwurf und die Präsentation wird nun bis zur nächsten Sitz ung im November entsprechend überarbeitet. Weitere Planansichten können Sie auf unserer Homepa ge www.;
2024-10-17;Marktgemeinderat;4.1;Umstellung auf den DAHEIM PASS - informativ (informativ);Der Tagesordnungspunkt galt so rein informativ und es wurde kein Beschluss über die Fassade gefasst. Der Entwurf und die Präsentation wird nun bis zur nächsten Sitz ung im November entsprechend überarbeitet. Weitere Planansichten können Sie auf unserer Homepa ge www.;
2024-09-11;Marktgemeinderat;2.1;"Abwägungs- und Feststellungsbeschluss zur 17. Änderung des Flächennutzungsplanes im Bereich des vorhabenbezogenen Bebauungsplanes ""Schlossberg Resort"" und zugleich 4. Änderung des Bebauungsplanes ""Stießberg"" (beschließend)";September 2024 Abwägungs- und Feststellungsbeschluss zur 17. Änder ung des Flächennutzungsplanes im Bereich des vorhabenbezogenen Bebauungsplanes „Schlossberg Resort“ und zugleich 4. Änderung des B ebauungsplanes „Stießberg“ Der Marktgemeinderat stimmte den Abwägungs- und Beschlussempfehlungen zu den Stellungnahmen einstimmig ohne Änderung zu.;einstimmig
2024-09-11;Marktgemeinderat;2.2;"Abwägungsbeschluss zum vorhabensbezogenen Bebauungsplan ""Schlossberg Resort"" (beschließend)";Änder ung des Flächennutzungsplanes im Bereich des vorhabenbezogenen Bebauungsplanes „Schlossberg Resort“ und zugleich 4. Änderung des B ebauungsplanes „Stießberg“ Der Marktgemeinderat stimmte den Abwägungs- und Beschlussempfehlungen zu den Stellungnahmen einstimmig ohne Änderung zu.;einstimmig
2024-09-11;Marktgemeinderat;3;Bauantrag zum Um- und Erweiterungsbau des Hotelbetriebes mit Verbindungsgang Meerau 34, Fl.-Nr. 1738 Gemarkung Oberstaufen - Beschlussfassung (beschließend);Bauantrag zum Um- und Erweiterungsbau des Hotelbetr iebes mit Verbindungsgang Meerau 34, Fl.-Nr. 1738 Gemarkung Oberstaufen Der Marktgemeinderat hat mit Beschluss vom 13.07.20 23 dem vorhabenbezogenen Bebauungsplan „Haubers Naturresort“ gem.;
2024-09-11;Marktgemeinderat;4.1;Optische Kanalinspektion Buflings und Oberstaufen Nord - Beschlussfassung (beschließend);Optische Kanalinspektion Buflings und Oberstaufen Nord Im Rahmen der Eigenüberwachungsverordnung wurden zw ei Teilbereiche der Entsorgungsleitungen zur Kanalreinigung und Zustand serfassung ausgeschrieben. Die Ausschreibung umfasst Schmutz- und Mischwasserk analisation sowie Anschlussleitungen und ist in zwei Lose gegliedert: Los I Buflings, Ausführung Herbst 2024 - 1.;
2024-09-11;Marktgemeinderat;4.2;Grabenlose Kanalsanierung Weißachtal - informativ (informativ);Grabenlose Kanalsanierung Weißachtal Die grabenlose Kanalsanierung wurde in einem öffent lichen Verfahren ausgeschrieben. Insgesamt 9 Firmen haben die Unterl agen angefordert. Bei der Angebotseröffnung am 30. August 2024 gingen vier An gebote ein.;
2024-09-11;Marktgemeinderat;5;Sachstandsbericht zur Freiflächen-Photovoltaikanlage im Moos - informativ (informativ);Sachstandsbericht zur Freiflächen-Photovoltaikanlage im Moos In der Marktgemeinderatssitzung vom 16.05.2024 wurde beschlossen, in Abstimmung mit den Nachbarn einer Freiflächen PV-Anlage näher zu treten. Bekannt war zu dieser Zeit bereits, dass jeder Grundstückseigentümer eine eigene Anlage bauen muss, um aufgrund der Größe nicht in die Verpflichtung eines Neubaus für eine dann erforderliche Trafostation zu kommen.;
2024-09-11;Marktgemeinderat;6;Antrag auf Investitionszuschuss des Trachten- und Heimatvereins Steibis e. V. für Brandschutzsanierung Festhalle Steibis - Beschlussfassung (beschließend);Bauantrag zum Um- und Erweiterungsbau des Hotelbetr iebes mit Verbindungsgang Meerau 34, Fl.-Nr. 1738 Gemarkung Oberstaufen Der Marktgemeinderat hat mit Beschluss vom 13.07.20 23 dem vorhabenbezogenen Bebauungsplan „Haubers Naturresort“ gem.;
2024-09-11;Marktgemeinderat;7;Freibad Thalkirchdorf: Ergebnis der verbindlichen Auskunft beim Finanzamt - Beschlussfassung (beschließend);Entsprechen d dem zwischen dem Markt Oberstaufen und Vorhabensträger Nikolaus Hauber zum vorhabenbezogenen Bebauungsplan geschlossenen Durchführungsvertrages beabsichtigt Herr Hauber die Baugenehmigung für den ersten Bauabschnitt beim Lan dratsamt Oberallgäu zu beantragen. Nach Abstimmung mit dem Markt Oberstauf en und dem Landratsamt Oberallgäu sollen für den ersten Bauabschnitt drei Bauanträge gestellt werden. Dies;
2024-09-11;Marktgemeinderat;8;Regiebetrieb Wasserwerk Oberstaufen: Jahresabschluss 2019 - Beschlussfassung (beschließend);Regiebetrieb Wasserwerk Oberstaufen: Jahresabschluss 2019 Für 2019 wurde erstmalig nur ein steuerlicher Jahre sabschluss erstellt, da aufgrund des Regiebetriebs kein zusätzlicher handelsrechtlic her Jahresabschluss erforderlich ist. Der Jahresabschluss inkl. Körperschaft- und Gewerbesteuererklärung 2019 wurde von der Steuerkanzlei asr PartGmbB erstellt, vorber eitet wurden Bilanz und GuV von der Kämmerei, Sachgebiet ;
2024-09-11;Marktgemeinderat;9;Oberstaufen Tourismus Marketing GmbH (OTM): Jahresabschluss 2023 - Beschlussfassung (beschließend);Regiebetrieb Wasserwerk Oberstaufen: Jahresabschluss 2019 Für 2019 wurde erstmalig nur ein steuerlicher Jahre sabschluss erstellt, da aufgrund des Regiebetriebs kein zusätzlicher handelsrechtlic her Jahresabschluss erforderlich ist. Der Jahresabschluss inkl. Körperschaft- und Gewerbesteuererklärung 2019 wurde von der Steuerkanzlei asr PartGmbB erstellt, vorber eitet wurden Bilanz und GuV von der Kämmerei, Sachgebiet ;
2024-09-11;Marktgemeinderat;10;Aquaria Erlebnisbad Betriebs GmbH: Jahresabschluss 2023 - Beschlussfassung (beschließend);Regiebetrieb Wasserwerk Oberstaufen: Jahresabschluss 2019 Für 2019 wurde erstmalig nur ein steuerlicher Jahre sabschluss erstellt, da aufgrund des Regiebetriebs kein zusätzlicher handelsrechtlic her Jahresabschluss erforderlich ist. Der Jahresabschluss inkl. Körperschaft- und Gewerbesteuererklärung 2019 wurde von der Steuerkanzlei asr PartGmbB erstellt, vorber eitet wurden Bilanz und GuV von der Kämmerei, Sachgebiet ;
2024-07-11;Marktgemeinderat;2;Vereidigung von Herrn Johannes Lingg als Marktgemeinderatsmitglied;Juli 2024 Vereidigung von Herrn Johannes Lingg als Marktgemeinderatsmitglied Der Marktgemeinderat hat in seiner Sitzung vom 16. Mai 2024 Herrn Johannes Lingg als nachrückenden Listennachfolger für den ausgesch iedenen Hans-Jörg Lingg zum Marktgemeinderatsmitglied berufen.;
2024-07-11;Marktgemeinderat;3;Neubesetzung von Ausschüssen und anderen Gremien - Beschlussfassung;Neubesetzung von Ausschüssen und anderen Gremien Aufgrund des Ausscheidens von Hans-Jörg Lingg aus dem Marktgemeinderat und der im vorangegangenen Tagesordnungspunkt vorgenommenen Vereidigung von Herrn Johannes Lingg als neues Marktgemeinderatsmitglied ist die Besetzung von Ausschüssen und anderen Gremien neu zu bestimmen.;
2024-07-11;Marktgemeinderat;4;Bauvorhaben Hugo-von-Königsegg-Straße 10: Abriss des Bestandsgebäudes und Neuerrichtung eines Geschäftshauses - Beschlussfassung (beschließend);Der Marktgemeinderat beschloss einstimmig, dass Herr Johannes Lingg in folgenden Ausschüssen und Gremien an Stelle von Herrn Hans-Jörg Lingg Mitglied wird: - Mitglied im Haupt- und Finanzausschuss - Mitglied im Tourismusausschuss - Stellvertretendes Mitglied im Rechnungsprüfungsau sschuss - Mitglied im Aufsichtsrat der Oberstaufen Tourismu s Marketing GmbH - Mitglied im Aufsichtsrat der Aquaria Erlebnisbad Betriebs G;einstimmig
2024-07-11;Marktgemeinderat;5.1;"Wiederholung des Billigungs- und Auslegungsbeschlusses zur 17. Änderung des Flächennutzungsplanes im Bereich des vorhabenbezogenen Bebauungsplanes ""Schlossberg Resort"" (beschließend)";Wiederholung des Billigungs- und Auslegungsbeschlus ses zur 17. Änderung des Flächennutzungsplanes im Bereich des vorhabenbe zogenen Bebauungsplanes „Schlossberg Resort“ Der Marktgemeinderat des Marktes Oberstaufen beauft ragte die Verwaltung, die förmliche Beteiligung der Öffentlichkeit gemäß § 3 Abs.;
2024-07-11;Marktgemeinderat;5.2;"Wiederholung des Billigungs- und Auslegungsbeschlusses zum vorhabenbezogenen Bebauungsplan ""Schlossberg Resort"" (beschließend)";Wiederholung des Billigungs- und Auslegungsbeschlus ses zur 17. Änderung des Flächennutzungsplanes im Bereich des vorhabenbe zogenen Bebauungsplanes „Schlossberg Resort“ Der Marktgemeinderat des Marktes Oberstaufen beauft ragte die Verwaltung, die förmliche Beteiligung der Öffentlichkeit gemäß § 3 Abs.;
2024-07-11;Marktgemeinderat;5.3;"Festsetzungsbeschluss zur 18. Änderung des Flächennutzungsplanes im Bereich des vorhabenbezogenen Bebauungsplanes ""Schindelberg - Fluhstraße 26"" (ehem. Homberger Hütte) (beschließend)";Änderung des Flächennutzungsplanes im Bereich des vorhabenbe zogenen Bebauungsplanes „Schlossberg Resort“ Der Marktgemeinderat des Marktes Oberstaufen beauft ragte die Verwaltung, die förmliche Beteiligung der Öffentlichkeit gemäß § 3 Abs. 2 BauGB zu wiederholen.;
2024-07-11;Marktgemeinderat;5.4;"Bekanntgabe des Durchführungsvertrages zum vorhabenbezogenen Bebauungsplan ""Schindelberg - Fluhstraße 26"" (ehem. Homberger Hütte) (informativ)";"Mauz) durch einen Neubau zu ersetzen; es soll eine Tiefgarage e ntstehen und das gemeindliche Nachbargrundstück (Fl.-Nr. 32; Garagenbau) mit in d ie Umbaumaßnahmen eingebunden werden. Ein Umbau des bestehenden Gesch äftshauses „Hugo-von- Königsegg-Straße 5“ zu den erforderlichen Standards ist aus verschiedenen Gründen nicht machbar.";
2024-07-11;Marktgemeinderat;5.5;"Abwägungs- und Satzungsbeschluss zum vorhabenbezogenen Bebauungsplan ""Schindelberg - Fluhstraße 26"" (ehem. Homberger Hütte) (beschließend)";"Mauz) durch einen Neubau zu ersetzen; es soll eine Tiefgarage e ntstehen und das gemeindliche Nachbargrundstück (Fl.-Nr. 32; Garagenbau) mit in d ie Umbaumaßnahmen eingebunden werden. Ein Umbau des bestehenden Gesch äftshauses „Hugo-von- Königsegg-Straße 5“ zu den erforderlichen Standards ist aus verschiedenen Gründen nicht machbar.";
2024-07-11;Marktgemeinderat;6;Förderung des ländlichen Raums im ELER-Verfahren: Wegebau in Döbelisried, Laufenegg, Hinterreute, Vorderreute - Beschlussfassung (beschließend);Förderung des ländlichen Raums im ELER-Verfahren: W egebau in Döbelisried, Laufenegg, Hinterreute und Vorderreute Aktuell sind im Flurbereinigungsverfahren der ländl ichen Entwicklung keine Gelder mehr vorhanden. Vom Amt wird deshalb empfohlen sich doch im ELER-Verfahren in der Förderperiode 2023 – 2027 zu bewerben. Hierzu e rfolgt dann die Vergabe der Zuschussgelder nach einem bestimmten Punkterankingv erfahren.;
2024-07-11;Marktgemeinderat;8;Ortsdurchfahrt Lindauer Straße: Baustandsbericht - informativ (informativ);Der Marktgemeinderat beschloss einstimmig, dass Herr Johannes Lingg in folgenden Ausschüssen und Gremien an Stelle von Herrn Hans-Jörg Lingg Mitglied wird: - Mitglied im Haupt- und Finanzausschuss - Mitglied im Tourismusausschuss - Stellvertretendes Mitglied im Rechnungsprüfungsau sschuss - Mitglied im Aufsichtsrat der Oberstaufen Tourismu s Marketing GmbH - Mitglied im Aufsichtsrat der Aquaria Erlebnisbad Betriebs G;einstimmig
2024-05-16;Marktgemeinderat;4;Erstellung eines Verkehrs- und Parkraumkonzeptes, Zwischenbericht Bestandsaufnahme;"Mai 2024 Erstellung eines Verkehrs - und Parkraumkonzeptes; Zwischenbericht zur Bestandsaufnahme Der Markt Oberstaufen beauftragte die Bernard Gruppe ZT GmbH im letzten Jahr mit der Erstellung eines Verkehrs- und Parkraumkonzeptes für den Kernort Oberstaufen.";
2024-05-16;Marktgemeinderat;5;Feststellung und Entlastung der Jahresrechnung 2022 des Marktes Oberstaufen - Beschlussfassung (beschließend);Feststellung und Entlastung der Jahresrechnung 2022 des Marktes Oberstaufen Der Marktgemeinderat stellte die Jahresrechnung 2022 (Art. 102 GO) mit folgendem Ergebnis fest: der Verwaltungshaushalt fasste Einnahmen und Ausgaben in Höhe von jeweils 26.;
2024-05-16;Marktgemeinderat;6;Bekanntmachung der Jahresrechnung 2023 des Marktes Oberstaufen - Beschlussfassung (beschließend);Feststellung und Entlastung der Jahresrechnung 2022 des Marktes Oberstaufen Der Marktgemeinderat stellte die Jahresrechnung 2022 (Art. 102 GO) mit folgendem Ergebnis fest: der Verwaltungshaushalt fasste Einnahmen und Ausgaben in Höhe von jeweils 26.;
2024-05-16;Marktgemeinderat;7;"Bauleitplanung; 1. Änderung des Bebauungsplanes ""Auf der Halde"" Wiedemannsdorf - Beratung der verschiedenen Planungsvorschläge zum flächensparenden Bauen (beschließend)";Änderung des Bebauungsplanes „Auf der Halde“, Wiedemannsdorf – Beratung der verschiedenen Planungsvorschläge zum flächensparenden Bauen In der Sitzung des Marktgemeinderates am 14.09.2023 wurde die Änderung des Bebauungsplanes beschlossen, um eine dichtere Bebauung zu erreichen.;
2024-05-16;Marktgemeinderat;8;"Hugo-v.-Königsegg-Str. 10, Fl.-Nr. 164/7, Gemarkung Oberstaufen; Vorstellung des Konzeptes zur Neubebauung mit einem Geschäftshaus (informativ)";"Mai 2024 Erstellung eines Verkehrs - und Parkraumkonzeptes; Zwischenbericht zur Bestandsaufnahme Der Markt Oberstaufen beauftragte die Bernard Gruppe ZT GmbH im letzten Jahr mit der Erstellung eines Verkehrs- und Parkraumkonzeptes für den Kernort Oberstaufen.";
2024-05-16;Marktgemeinderat;9;Errichtung einer Freiflächen-Photovoltaik-Anlage im Moos - Beschlussfassung (beschließend);- 5 - Errichtung einer Freiflächen-Photovoltaik-Anlage im Moos Im Bereich Im Moos soll von einem Privateigentümer eine privilegierte Freiflächen - Photovoltaik-Anlage entlang der Bahnlinie entstehen. Direkt anschließend befindet sich eine Fläche des Marktes mit ca. 900 m², die sich ebenfalls anbieten würde. Der Marktgemeinderat steht dem privilegierten Projekt positiv gegenüber und beschloss einstimmig die gemeindlic;einstimmig
2024-05-16;Marktgemeinderat;10.1;Örtliche Bedarfsplanung für das Jahr 2024/2025 - Beschlussfassung (beschließend);"Mai 2024 Erstellung eines Verkehrs - und Parkraumkonzeptes; Zwischenbericht zur Bestandsaufnahme Der Markt Oberstaufen beauftragte die Bernard Gruppe ZT GmbH im letzten Jahr mit der Erstellung eines Verkehrs- und Parkraumkonzeptes für den Kernort Oberstaufen.";
2024-05-16;Marktgemeinderat;10.2;Neuerlass der Gebührensatzung für den Kindergarten Thalkirchdorf und Naturkindergarten - Beschlussfassung (beschließend);Peter und Paul, Oberstaufen 3 Krippengruppen zu je 12 Plätzen 36 Krippenplätze Kindergarten Thalkirchdorf 1 Krippengruppe mit 12 Plätzen 12 Krippenplätze Gesamt 48 Krippenplätze Kindergartenplätze für über 3 -jährige Kinder bis zum Schuleintritt in Tageseinrichtungen St. Peter und Paul 4 Regelgruppen zu je 25 Plätzen 1 Inklusionsgruppe zu 15 Plätze 110 Kindergartenplätze 15 Kindergartenplätze Thalkirchdorf 3 Regelgru;
2024-05-16;Marktgemeinderat;11;Genehmigung der letzten öffentlichen Sitzungsniederschrift (beschließend);"Mai 2024 Erstellung eines Verkehrs - und Parkraumkonzeptes; Zwischenbericht zur Bestandsaufnahme Der Markt Oberstaufen beauftragte die Bernard Gruppe ZT GmbH im letzten Jahr mit der Erstellung eines Verkehrs- und Parkraumkonzeptes für den Kernort Oberstaufen. Einen Zwischenbericht zur bisher durchgeführten Analyse der Verkehrsströme und der Parkraumnutzung gab es dazu jetzt in der Marktgemeinderatssitzung.";
2024-04-11;Marktgemeinderat;2;Einzelhandels- und Gastronomiekonzept: Zwischenbericht Bestandserhebung, Ergebnisse der Umfrage - informativ (informativ);April 2024 Einzelhandels- und Gastronomiekonzept: Zwischenbericht Bestandserhebung und Ergebnisse der Umfrage Der Markt Oberstaufen beauftragte die Gesellschaft für Markt - und Absatzforschung mbH (GMA) zur Erstellung eines Einzelhandels - und Gastronomiekonzeptes für das Ortszentrum Oberstaufen.;
2024-04-11;Marktgemeinderat;3.1;"Abwägungsbeschluss der Eingaben und Einwendungen aus der frühzeitigen Beteiligung; Billigungs- und Auslegungsbeschluss zur 17. Änderung des Flächennutzungsplanes im Bereich des vorhabenbezogenen Bebauungsplanes ""Schlossberg Resort"" (beschließend)";"Abwägungsbeschluss der Eingaben und Einwendungen aus der frühzeitigen Beteiligung; Billigungs - und Auslegungsbeschluss zur 17. Änderung des Flächennutzungsplanes im Bereich des vorhabenbezogenen Bebauungsplanes „Schlossberg Resort“ 1.";
2024-04-11;Marktgemeinderat;3.2;"Abwägungsbeschluss der Eingaben und Einwendungen aus der frühzeitigen Beteiligung; Billigungs- und Auslegungsbeschluss zum vorhabenbezogenen Bebauungsplan ""Schlossberg Resort"", Stießberg; zugleich 4. Änderung des Bebauungsplanes Stießberg (beschließend)";"Abwägungsbeschluss der Eingaben und Einwendungen aus der frühzeitigen Beteiligung; Billigungs - und Auslegungsbeschluss zur 17. Änderung des Flächennutzungsplanes im Bereich des vorhabenbezogenen Bebauungsplanes „Schlossberg Resort“ 1.";
2024-04-11;Marktgemeinderat;4.1;Oberflächenbehandlung von Straßen im Gemeindegebiet - Beschlussfassung (beschließend);Oberflächenbehandlung von Straßen im Gemeindegebiet Der Marktgemeinderat beschloss einstimmig, den Auftrag für die Oberflächenbehandlung von Straßen und Wanderwege an die Firma Babic aus Igling zu den Konditionen der vom Landkreis durchgeführten Ausschreibung zu vergeben.;einstimmig
2024-04-11;Marktgemeinderat;4.2;Straßensanierungsmaßnahmen 2024 - Beschlussfassung (beschließend);April 2024 Einzelhandels- und Gastronomiekonzept: Zwischenbericht Bestandserhebung und Ergebnisse der Umfrage Der Markt Oberstaufen beauftragte die Gesellschaft für Markt - und Absatzforschung mbH (GMA) zur Erstellung eines Einzelhandels - und Gastronomiekonzeptes für das Ortszentrum Oberstaufen.;
2024-03-14;Marktgemeinderat;2;Oberstaufen Tourismus Marketing GmbH, Wirtschaftsplan 2024 - Beschlussfassung (beschließend);März 2024 Oberstaufen Tourismus Marketing GmbH: Wirtschaftsplan 2024 Die OTM GmbH stellte den Wirtschaftsplan 2024 vor. Er schließt im Erfolgsplan mit Erträgen und Aufwendungen jeweils in Höhe von 7.;
2024-03-14;Marktgemeinderat;3;Tourismus Eigenbetrieb Oberstaufen, Wirtschaftsplan 2024 - Beschlussfassung (beschließend);März 2024 Oberstaufen Tourismus Marketing GmbH: Wirtschaftsplan 2024 Die OTM GmbH stellte den Wirtschaftsplan 2024 vor. Er schließt im Erfolgsplan mit Erträgen und Aufwendungen jeweils in Höhe von 7.;
2024-03-14;Marktgemeinderat;4;Genehmigung Haushaltsplan mit Haushaltssatzung 2024 samt Anlagen - Beschlussfassung (beschließend);März 2024 Oberstaufen Tourismus Marketing GmbH: Wirtschaftsplan 2024 Die OTM GmbH stellte den Wirtschaftsplan 2024 vor. Er schließt im Erfolgsplan mit Erträgen und Aufwendungen jeweils in Höhe von 7.;
2024-03-14;Marktgemeinderat;5;Bauvorhaben Schlossberg Resort: Festlegung des endgültigen Planungsentwurfs - Beschlussfassung (beschließend);Der Haushalt des Marktes Oberstaufen hat im Verwaltungshaushalt Einnahmen und Ausgaben in Höhe von 34 ,3 Mio. Euro und im Vermögenshaushalt Einnahmen und Ausgaben in Höhe von 12,3 Mio.;
2024-03-14;Marktgemeinderat;6;"Bauleitplanverfahren; Satzungsbeschluss zum vorhabenbezogenen Bebauungsplan ""Am Stießberg - Bauvorhaben Schöttner"" (beschließend)";Bauvorhaben Schlossberg Resort: Festlegung des endgültigen Planungsentwurfs In der vom Bauherrn freiwillig durchgeführten vorzeitigen B ehörden- und Bürgerbeteiligung gingen verschiedene Anmerkungen zu dem beschlossenen Siegerentwurf ein.;
2024-03-14;Marktgemeinderat;7;Ehemaliges Krankenhaus, Schloßstraße 28 (beschließend);Ehemaliges Krankenhaus, Schloßstraße 28 Auftragsvergabe für die Planungsleistungen zu Statik und Heizung, Lüftung, Sanitär, Elektrik Für die Planungsleistungen „Statik“ und „Heizung / Lüftung / Sanitär / Elektro (HLSE)“ wurden entsprechende VGV -Verfahren durchgeführt. Der Marktgemeinderat beschloss einstimmig nachfolgende Aufträge zu vergeben Statik: Ing.;einstimmig
2024-03-14;Marktgemeinderat;7.1;Auftragsvergabe für die Planungsleistungen zu Statik und Heizung, Lüftung, Sanitär, Elektrik - Beschlussfassung (beschließend);Der Haushalt des Marktes Oberstaufen hat im Verwaltungshaushalt Einnahmen und Ausgaben in Höhe von 34 ,3 Mio. Euro und im Vermögenshaushalt Einnahmen und Ausgaben in Höhe von 12,3 Mio.;
2024-03-14;Marktgemeinderat;7.2;Information zu aktualisierten Wohnungsgrundrissplänen (informativ);März 2024 in einer Bürgerinformationsveranstaltung gemeinsam mit der Firma Geiger im Kurhaus vorgestellt. Um im Bauleitplanverfahren den nächsten Schritt einzuleiten (Auswertung der Beteiligung und Abwägung) hatte sich der Marktgemeinderat nun auf eine Variante festzulegen.;
2024-03-14;Marktgemeinderat;8;Tourismus Eigenbetrieb Oberstaufen (TEO) (beschließend);März 2024 Oberstaufen Tourismus Marketing GmbH: Wirtschaftsplan 2024 Die OTM GmbH stellte den Wirtschaftsplan 2024 vor. Er schließt im Erfolgsplan mit Erträgen und Aufwendungen jeweils in Höhe von 7.281.696,00 Euro ab, was zu einem Jahresergebnis in Höhe von 0,00 Euro führt.;
2024-03-14;Marktgemeinderat;8.1;Beschaffung Wanderwegpflegegerät (Zuschussantrag) - Beschlussfassung (beschließend);Der Haushalt des Marktes Oberstaufen hat im Verwaltungshaushalt Einnahmen und Ausgaben in Höhe von 34 ,3 Mio. Euro und im Vermögenshaushalt Einnahmen und Ausgaben in Höhe von 12,3 Mio.;
2024-03-14;Marktgemeinderat;8.2;Ersatzbeschaffung Transportfahrzeug für Gärtnereibetrieb - Beschlussfassung (beschließend);Der Haushalt des Marktes Oberstaufen hat im Verwaltungshaushalt Einnahmen und Ausgaben in Höhe von 34 ,3 Mio. Euro und im Vermögenshaushalt Einnahmen und Ausgaben in Höhe von 12,3 Mio.;
2024-03-14;Marktgemeinderat;9;"Beteiligung am Projekt ""Gästeticket Bus und Bahn"" des Landkreises Oberallgäu und der Stadt Kempten - Beschlussfassung (beschließend)";Bauvorhaben Schlossberg Resort: Festlegung des endgültigen Planungsentwurfs In der vom Bauherrn freiwillig durchgeführten vorzeitigen B ehörden- und Bürgerbeteiligung gingen verschiedene Anmerkungen zu dem beschlossenen Siegerentwurf ein. Die wesentlichen Punkte , die Anlass für Bedenken waren, waren die Turmhöhe, eine mögliche Verschattung, die Fassadengestaltung in Richtung Ort sowie die Verkehrsanbindung.;
2024-03-14;Marktgemeinderat;10;Erlass einer Verordnung über das Offenhalten von Verkaufsstellen (verkaufsoffene Sonntage) - Beschlussfassung (beschließend);484,94 Euro aus und weist damit einen geplanten Überschuss in Höhe von 53.097,06 Euro aus. Der Vermögensplan ist mit Einnahmen und Ausgaben in Höhe von je 4.001.688,00 Euro ausgeglichen. Der Gesamtbetrag der im Vermögens - sowie Finanzplan vorgesehenen Kreditaufnahme wird auf 2.;
2024-02-08;Marktgemeinderat;2;Freibad Thalkirchdorf - Baubeschluss (beschließend);Februar 2024 Freibad Thalkirchdorf – Baubeschluss Seit vielen Jahren beschäftigt das Thema Freibad Thalkirchdorf das Gremium. In der Sitzung des Marktgemeinderates am 10. November 2022 hatte man sich auf den grundsätzlichen Planungsentwurf festgelegt.;
2024-02-08;Marktgemeinderat;3;Bebauungsplan Thalkirchdorf Mitte - Herstellung und Fortsetzung der festgesetzen Verkehrsfläche (Erschließungsstraße) - Beschlussfassung (beschließend);Februar 2024 Freibad Thalkirchdorf – Baubeschluss Seit vielen Jahren beschäftigt das Thema Freibad Thalkirchdorf das Gremium. In der Sitzung des Marktgemeinderates am 10. November 2022 hatte man sich auf den grundsätzlichen Planungsentwurf festgelegt.;
2024-02-08;Marktgemeinderat;4;Ortsdurchfahrt Oberstaufen, Auftragsvergabe BA 5.2 Lindauerstraße, Einkaufspromenade - Beschlussfassung;2 Lindauerstraße, Einkaufspromenade In der Sitzung des Marktgemeinderates vom 19. Oktober 2023 wurde die Umsetzung des Bauabschnitts 5.2 beschlossen und im Anschluss durch die Verwaltung die weiteren Schritte eingeleitet.;
2024-02-08;Marktgemeinderat;5;Färberhaus, Auftragsvergabe Anbau Aufzug - Beschlussfassung;2 Lindauerstraße, Einkaufspromenade In der Sitzung des Marktgemeinderates vom 19. Oktober 2023 wurde die Umsetzung des Bauabschnitts 5.2 beschlossen und im Anschluss durch die Verwaltung die weiteren Schritte eingeleitet. Die Planunterlagen wurden überarbeitet und angepasst und der Zuschussantrag eingereicht.;
2024-02-08;Marktgemeinderat;6;Bauhof, Auftragsvergabe Unimog - Beschlussfassung;2 Lindauerstraße, Einkaufspromenade In der Sitzung des Marktgemeinderates vom 19. Oktober 2023 wurde die Umsetzung des Bauabschnitts 5.2 beschlossen und im Anschluss durch die Verwaltung die weiteren Schritte eingeleitet. Die Planunterlagen wurden überarbeitet und angepasst und der Zuschussantrag eingereicht.;
2024-02-08;Marktgemeinderat;7;Gestaltung Ortseingang am Telekomgebäude, Rainwaldstr. 5, hier: Zuschussantrag - Beschlussfassung;Hierbei einigte man sich darauf, dass die Einbeziehung der Konstanzer Ach mit aufgeweitetem Gewässer entfallen soll, was sich insbesondere auf die laufenden Unterhaltskosten auswirken wird. Außerdem soll der Spielplatz beim Festsaal wegfallen, somit entfällt auch das zusätzliche Brückenbauwerk.;
2024-02-08;Marktgemeinderat;8;Pflastersanierung in der Fußgängerzone Schloßstraße bis Kirchplatz - Beschlussfassung;- 5 - Pflastersanierung in der Fußgängerzone Schloßstraße bis Kirchplatz Die bereits seit längerem anstehende Pflastersanierung in der inneren Schloßstraße sowie des Kirchplatzes soll in 2025 angegangen werden. Aufgrund der Größe dieser Fläche ist geplant, dass diese Maßnahme in zwei Bauabschnitten umgesetzt wird. Nach Rücksprache mit der Regierung von Schwaben ist eine Förderung über die Städtebauförderung möglich.;
2024-02-08;Marktgemeinderat;9;Antragstellung Richtlinien für Zuwendungen in wasserwirtschaftlichen Verfahren (RZWas), Härtefallregelung - Beschlussfassung (beschließend);Die Verwaltung wurde ermächtigt die entsprechenden Vergabeverfahren einzuleiten um dann die weitere Planung in Auftrag geben zu können. - 2 - Bebauungsplan Thalkirchdorf Mitte – Herstellung und Festsetzung der festgesetzten Verkehrsfläche (Erschließungsstraße) In der Ortsmitte Thalkirchdorf besteht seit 1963 der Bebauungsplan „Gemeinde Thalkirchdorf Neubaugebiet Ortsmitte“.;
2024-02-08;Marktgemeinderat;10;Wasserversorgung Imberg-Gebiet, Vergabe Ingenieurleistungen und Antragstellung für Zuschuss - Beschlussfassung (beschließend);Die Verwaltung wurde ermächtigt die entsprechenden Vergabeverfahren einzuleiten um dann die weitere Planung in Auftrag geben zu können. - 2 - Bebauungsplan Thalkirchdorf Mitte – Herstellung und Festsetzung der festgesetzten Verkehrsfläche (Erschließungsstraße) In der Ortsmitte Thalkirchdorf besteht seit 1963 der Bebauungsplan „Gemeinde Thalkirchdorf Neubaugebiet Ortsmitte“.;
