datum;gremium;top;titel;beschlussstatus;berichte;beschlusshinweis;abstimmungshinweis
2026-07-29;Bau- und Umweltausschuss;1;Anträge zur Tagesordnung (beschließend);beschließend vorgesehen;0;;
2026-07-29;Bau- und Umweltausschuss;2;Bauanträge (beschließend);beschließend vorgesehen;0;;
2026-07-29;Bau- und Umweltausschuss;2.1;"St.-Rochus-Weg 6, Fl.-Nr. 864 Gem. Aach i. Allg.; Errichtung einer Solaranlage auf Hausdach eines denkmalgeschützten Gebäudes (beschließend)";beschließend vorgesehen;0;;
2026-07-29;Bau- und Umweltausschuss;2.2;"Säntisweg 11, Fl.-Nr. 212/9 Gem. Oberstaufen; Anbau eines Wohnraumes an das bestehende Einfamilienhaus (beschließend)";beschließend vorgesehen;0;;
2026-07-29;Bau- und Umweltausschuss;2.3;"Knechtenhofen 7a, Fl.-Nr. 1144 Gem. Thalkirchdorf; Neubau eines Hofcafes (beschließend)";beschließend vorgesehen;0;;
2026-07-29;Bau- und Umweltausschuss;2.4;"Burgangerweg 37, Fl.-Nr. 711/4 Gemarkung Thalkirchdorf; Nutzungsänderung d. best. UG durch Einbau einer Ferienwohnung u. einer Festwohnung. Nutzungsänderung d. best. DG durch Veränderung d. best. Festwohnung in eine Ferienwohnung (beschließend)";beschließend vorgesehen;0;;
2026-07-29;Bau- und Umweltausschuss;2.5;"Am Steinbruch 4, Fl.-Nr. 523/29 Gem. Oberstaufen; Umbau bestehendes Wohnhaus, Errichtung Nebengebäude und Carport (beschließend)";beschließend vorgesehen;0;;
2026-07-29;Bau- und Umweltausschuss;2.6;"Burgangerweg 2, Fl.-Nr. 724 Gem. Thalkirchdorf; Nutzungsänderung OG; Wohnung in Ferienwohnung (beschließend)";beschließend vorgesehen;0;;
2026-07-29;Bau- und Umweltausschuss;3;Bauvoranfragen;kein beschließender TOP-Titel;0;;
2026-07-29;Bau- und Umweltausschuss;3.1;"Osterdorf 12; Fl.-Nr. 301 Gem. Thalkirchdorf; Ersatzneubau des Wohnteils eines ehem. landw. Gebäudes mit 2 + 4 Wohnungen ( 2 Bestand, 4 Neubau) (beschließend)";beschließend vorgesehen;0;;
2026-07-29;Bau- und Umweltausschuss;3.2;"Badstraße 5, Fl.-Nr. 37/8 Gemarkung Thalkirchdorf; Neubau eines Wohnhauses/Doppelhauses mit Garage (beschließend)";beschließend vorgesehen;0;;
2026-07-29;Bau- und Umweltausschuss;4;Auftragsvergaben (beschließend);beschließend vorgesehen;0;;
2026-07-29;Bau- und Umweltausschuss;4.1;"Winterdienst; Vergabe Schneeräumung von Parkplätzen (beschließend)";beschließend vorgesehen;0;;
2026-07-29;Bau- und Umweltausschuss;5;Genehmigung der letzten öffentlichen Sitzungsniederschrift (beschließend);beschließend vorgesehen;0;;
2026-07-29;Bau- und Umweltausschuss;6;Anfragen und Bekanntgaben (informativ);kein beschließender TOP-Titel;0;;
2026-07-08;Marktgemeinderat;1;Anträge zur Tagesordnung (beschließend);beschließend vorgesehen;1;;
2026-07-08;Marktgemeinderat;2;Bekanntmachung der Jahresrechnung 2025 des Marktes Oberstaufen - Beschlussfassung (beschließend);beschließend vorgesehen;1;Juli 2026 Bekanntmachung der Jahresrechnung 2025 des Marktes Oberstaufen Die Jahresrechnung 2025 ist innerhalb von sechs Mon aten aufzustellen und dem Gemeinderat vorzulegen, um diese bekanntzumachen (Art.;
2026-07-08;Marktgemeinderat;3;Regiebetrieb Wasserwerk Oberstaufen: Steuerlicher Jahresabschluss 2022 - Beschlussfassung (beschließend);beschließend vorgesehen;1;Der kaufmännische Jahresabschluss 2025 für das Wasserwerk Oberstaufen (Regiebetrieb) liegt noch nicht vor. Der Marktgemeinderat beauftragte den Rechnungsprüfungsausschuss mit der örtlichen Rechnungsprüfung (Art.;
2026-07-08;Marktgemeinderat;4;Bauvorhaben (beschließend);beschließend vorgesehen;1;;
2026-07-08;Marktgemeinderat;4.1;Ludwig-Maier-Weg 2, Antrag auf Errichtung eines Verbrauchermarktes - Beschlussfassung (beschließend);beschließend vorgesehen;1;Bauvorhaben Ludwig-Maier-Weg 2, Antrag auf Errichtung eines Verbrauchermarktes Die Firma Seitz Consulting GmbH beantragte die Einl eitung eines Bauleitplanungsverfahrens für die Errichtung eines Verbrauchermarktes im Ludwig- Maier-Weg 2.;
2026-07-08;Marktgemeinderat;4.2;Schloßstraße 29, Bauantrag zu Neubau eines Hotels mit Tiefgarage, Schlossberg Resort Oberstaufen - Beschlussfassung (beschließend);beschließend vorgesehen;1;Bauvorhaben Ludwig-Maier-Weg 2, Antrag auf Errichtung eines Verbrauchermarktes Die Firma Seitz Consulting GmbH beantragte die Einl eitung eines Bauleitplanungsverfahrens für die Errichtung eines Verbrauchermarktes im Ludwig- Maier-Weg 2. Es ist hierzu erforderlich, den besteh enden Bebauungsplan zu ändern bzw.;
2026-07-08;Marktgemeinderat;4.3;Schloßstraße 27, Bauantrag über ein Mitarbeiterhaus - Beschlussfassung (beschließend);beschließend vorgesehen;1;Über den QR-Code ist die Jahresrechnung visuell abrufbar. Dem Marktgemeinderat wurde die Jahresrechnung 2025 (Art. 102 GO) mit dem folgenden Ergebnis bekanntgegeben: Die Einnahmen un d Ausgaben im Verwaltungshaushalt betragen 36.;
2026-07-08;Marktgemeinderat;4.4;Kalzhofer Straße 55, Bauantrag zur Erweiterung Mittagsbetreuung - Beschlussfassung (beschließend);beschließend vorgesehen;1;Schloßstraße 29, Bauantrag zu Neubau eines Hotels mit Tiefgarage, Schlossberg Resort Oberstaufen Laut Mitteilung des Planungsbüro Alpstein Planung G mbH vom 30. Juni 2026 haben sich mit dem Bauantrag zum bereits verabschiedeten Vorhaben- und Erschließungsplan noch folgende kleinere Änderungen ergeben: - die Wand im 3.;
2026-07-08;Marktgemeinderat;5;Umbau ehem. Krankenhaus, Ermächtigung für Auftragsvergaben - Beschlussfassung (beschließend);beschließend vorgesehen;1;Krankenhaus mit 12 Wohn ungen in den Obergeschossen wurde im November 2024 die Zuschusse ingabe durchgeführt. Das Gesamtprojekt ist mit Kosten von 6.311.450,94 Euro brutto veranschlagt. (Stand 05.02.2025) Es stehen hierzu nachfolgende Fördergelder in Aussicht: Zuwendung ISA (für Familienzentrum) 532.;
2026-07-08;Marktgemeinderat;6;Bericht zur angekündigten Schließung der Eisenbahnunterführung im Moos, Beratung und Entscheidung über weiteres Vorgehen - Beschlussfassung (beschließend);beschließend vorgesehen;1;Über den QR-Code ist die Jahresrechnung visuell abrufbar. Dem Marktgemeinderat wurde die Jahresrechnung 2025 (Art. 102 GO) mit dem folgenden Ergebnis bekanntgegeben: Die Einnahmen un d Ausgaben im Verwaltungshaushalt betragen 36.;
2026-07-08;Marktgemeinderat;7;Glasfaserausbau, Gigabit Förder-Richtlinie Bund: Markterkundungsverfahren u. Antragstellung, Kooperation mit Westallgäuer Gemeinden - Beschlussfassung (beschließend);beschließend vorgesehen;1;;
2026-07-08;Marktgemeinderat;8;Genehmigung der letzten öffentlichen Sitzungsniederschrift (beschließend);beschließend vorgesehen;1;;
2026-07-08;Marktgemeinderat;9;Anfragen und Bekanntgaben (informativ);kein beschließender TOP-Titel;1;;
2026-06-24;Bau- und Umweltausschuss;1;Anträge zur Tagesordnung (beschließend);beschließend vorgesehen;0;;
2026-06-24;Bau- und Umweltausschuss;2;Bauanträge (beschließend);beschließend vorgesehen;0;;
2026-06-24;Bau- und Umweltausschuss;2.1;"Am Hößl 1A, Fl.-Nr. 745 Gem. Aach i. Allg.; Neubau eines Austragungshauses mit 2 Ferienwohnungen und Garage (beschließend)";beschließend vorgesehen;0;;
2026-06-24;Bau- und Umweltausschuss;2.2;"Auf der Halde 15, Fl.-Nr. 664/22 Gem. Thalkirchdorf; Errichtung eines Sichtschutzzaunes (beschließend)";beschließend vorgesehen;0;;
2026-06-24;Bau- und Umweltausschuss;2.3;"Burgangerweg 37, Fl.-Nr. 711/4 Gem. Thalkirchdorf; Nutzungsänderung Untergeschoss durch Einbau einer Ferienwohnung und einer Festwohnung; Nutzungsänderung Dachgeschoss von Festwohnung in Ferienwohnung (beschließend)";beschließend vorgesehen;0;;
2026-06-24;Bau- und Umweltausschuss;3;Bauvoranfragen;kein beschließender TOP-Titel;0;;
2026-06-24;Bau- und Umweltausschuss;3.1;"Knechtenhofen, Fl.-Nr. 1144 Gemarkung Thalkirchdorf; Neubau eines Hofcafe´s (beschließend)";beschließend vorgesehen;0;;
2026-06-24;Bau- und Umweltausschuss;3.2;"Am Steinbruch 25, Fl.-Nr.523/15 Gem. Oberstaufen; Umnutzung von Kellerräumlichkeiten in Naturheilpraxis (Anfrage) (beschließend)";beschließend vorgesehen;0;;
2026-06-24;Bau- und Umweltausschuss;4;Auftragsvergaben (beschließend);beschließend vorgesehen;0;;
2026-06-24;Bau- und Umweltausschuss;5;Bauleitplanverfahren der Nachbargemeinden;kein beschließender TOP-Titel;0;;
2026-06-24;Bau- und Umweltausschuss;5.1;"Stadt Immenstadt; Vorhabenbezogener Bebauungsplan ""Otto-Keck-Straße"" (informativ)";kein beschließender TOP-Titel;0;;
2026-06-24;Bau- und Umweltausschuss;5.2;"Gemeinde Blaichach; Vorhabenbezogener Bebauungsplan ""Berghaus Rusch"" und 5. Änderung des Flächennutzungsplans für den Bereich des vorhabenbezogenen BPls ""Berghaus Rusch"" (informativ)";kein beschließender TOP-Titel;0;;
2026-06-24;Bau- und Umweltausschuss;5.3;"Gemeinde Stiefenhofen; Einbeziehungssatzung ""Stiefenhofen Südost"" (informativ)";kein beschließender TOP-Titel;0;;
2026-06-24;Bau- und Umweltausschuss;5.4;"Gemeinde Stiefenhofen; Einbeziehungssatzung ""Stiefenhofen Nordost"" (informativ)";kein beschließender TOP-Titel;0;;
2026-06-24;Bau- und Umweltausschuss;6;Genehmigung der letzten öffentlichen Sitzungsniederschrift (beschließend);beschließend vorgesehen;0;;
2026-06-24;Bau- und Umweltausschuss;7;Anfragen und Bekanntgaben (informativ);kein beschließender TOP-Titel;0;;
2026-06-24;Bau- und Umweltausschuss;7.1;"Fl. Nr. 1439/0, Gemarkung Aach i. Allgäu; Antrag auf Erteilung einer Erlaubnis zur Rodung (informativ)";kein beschließender TOP-Titel;0;;
2026-06-11;Marktgemeinderat;1;Vereidigung von Herrn M. R. als Mitglied des Marktgemeinderates Oberstaufen (informativ);kein beschließender TOP-Titel;1;;
2026-06-11;Marktgemeinderat;2;Anträge zur Tagesordnung (beschließend);beschließend vorgesehen;1;;
2026-06-11;Marktgemeinderat;3;"Neubau Feuerwehrhaus; Standortanalyse - informativ (informativ)";kein beschließender TOP-Titel;1;"Neubau Feuerwehrhaus; Vorstellung Ergebnisse der Standortanalyse Im Rahmen des bereits Ende des Jahres 2024 verabsch iedeten Feuerwehrbedarfsplanes wurde deutlich, dass das Feu erwehrgerätehaus in Oberstaufen nicht mehr den aktuellen Anforderungen standhalten kann und eine Ertüchtigung des alten Gebäudes auf die neuen Stand ards faktisch nicht möglich ist.";
2026-06-11;Marktgemeinderat;4;Änderung des Orts- und Gemeindeverfassungsrechts (beschließend);beschließend vorgesehen;1;Änderung des Orts- und Gemeindeverfassungsrechts Der Marktgemeinderat beschloss mit 16:1 Stimmen die Betriebssatzung des Tourismus Eigenbetrieb Oberstaufen (TEO). Die Betriebssatzung tritt zum 01.;16:1
2026-06-11;Marktgemeinderat;4.1;Änderung der Betriebssatzung für den Tourismus Eigenbetrieb Oberstaufen - Beschlussfassung (beschließend);beschließend vorgesehen;1;Änderung des Orts- und Gemeindeverfassungsrechts Der Marktgemeinderat beschloss mit 16:1 Stimmen die Betriebssatzung des Tourismus Eigenbetrieb Oberstaufen (TEO). Die Betriebssatzung tritt zum 01.;16:1
2026-06-11;Marktgemeinderat;4.2;Änderung der Kostensatzung - Beschlussfassung (beschließend);beschließend vorgesehen;1;Änderung des Orts- und Gemeindeverfassungsrechts Der Marktgemeinderat beschloss mit 16:1 Stimmen die Betriebssatzung des Tourismus Eigenbetrieb Oberstaufen (TEO). Die Betriebssatzung tritt zum 01.;16:1
2026-06-11;Marktgemeinderat;5;Bestellung von Beauftragten (beschließend);beschließend vorgesehen;1;;
2026-06-11;Marktgemeinderat;5.1;Bestellung eines Jugendbeauftragten - Beschlussfassung (beschließend);beschließend vorgesehen;1;;
2026-06-11;Marktgemeinderat;5.2;Bestellung eines Familienbeauftragten - Beschlussfassung (beschließend);beschließend vorgesehen;1;;
2026-06-11;Marktgemeinderat;5.3;Bestellung eines Seniorenbeauftragten - Beschlussfassung (beschließend);beschließend vorgesehen;1;;
2026-06-11;Marktgemeinderat;6;Entsendung von Erstem Bürgermeister M. B. in den Aufsichtsrat des SWW Oberallgäu - Beschlussfassung (beschließend);beschließend vorgesehen;1;;
2026-06-11;Marktgemeinderat;7;Sachstand IT-Sicherheit beim Markt, Beschaffung einer erweiteren IT-Sicherheitsplattform - informativ (informativ);kein beschließender TOP-Titel;1;;
2026-06-11;Marktgemeinderat;8;Tekturplanung Hugo-von-Königsegg-Straße 12 - Beschlussfassung (beschließend);beschließend vorgesehen;1;;
2026-06-11;Marktgemeinderat;9;Auftragsvergabe Kanalsanierung im Rahmen der Eigenüberwachungsverordnung (EÜV) 2026 - Beschlussfassung (beschließend);beschließend vorgesehen;1;;
2026-06-11;Marktgemeinderat;10;Genehmigung der letzten öffentlichen Sitzungsniederschrift (beschließend);beschließend vorgesehen;1;In den letzten Monaten haben Cyberangriffe im öffentlichen Sektor stark zu genommen. Um die Widerstandsfähigkeit gegen solche Angriffe zu erhöh en, wird nun in eine leistungsfähigere IT-Sicherheitsplattform investier t. Davon erwartet man sich ein erhöhtes Sicherheitsniveau, schnellere Reaktionsfähigkeit im Fall von Angriffen auf die gemeindliche IT, erhöhte Transparenz durch vollstän digen Überblick über die Sicherh;
2026-06-11;Marktgemeinderat;11;Anfragen und Bekanntgaben (informativ);kein beschließender TOP-Titel;1;;
2026-05-20;Bau- und Umweltausschuss;1;Anträge zur Tagesordnung (beschließend);beschließend vorgesehen;0;;
2026-05-20;Bau- und Umweltausschuss;2;Genehmigung der letzten öffentlichen Sitzungsniederschrift (beschließend);beschließend vorgesehen;0;;
2026-05-20;Bau- und Umweltausschuss;3;Bauvoranfragen;kein beschließender TOP-Titel;0;;
2026-05-20;Bau- und Umweltausschuss;4;Auftragsvergaben (beschließend);beschließend vorgesehen;0;;
2026-05-20;Bau- und Umweltausschuss;5;Bauanträge (beschließend);beschließend vorgesehen;0;;
2026-05-20;Bau- und Umweltausschuss;6;Anfragen und Bekanntgaben (informativ);kein beschließender TOP-Titel;0;;
2026-05-19;Haupt- und Finanzausschuss;1;Anträge zur Tagesordnung (beschließend);beschließend vorgesehen;0;;
2026-05-19;Haupt- und Finanzausschuss;2;Haushaltsüberwachung Markt Oberstaufen 2026 - Unterjähriges Berichtswesen (informativ);kein beschließender TOP-Titel;0;;
2026-05-19;Haupt- und Finanzausschuss;3;Verwendung der Ausschüttung 2024 der Sparkasse Allgäu - Beschlussfassung (beschließend);beschließend vorgesehen;0;;
2026-05-19;Haupt- und Finanzausschuss;4;"Erhöhung und Auszahlung Investitionskostenzuschuss (""s'Huimatle"") für den Heimatverein Thalkirchdorf e. V. - Beschlussfassung";kein beschließender TOP-Titel;0;;
2026-05-19;Haupt- und Finanzausschuss;5;Genehmigung der Spendenliste 2025 - Beschlussfassung;kein beschließender TOP-Titel;0;;
2026-05-19;Haupt- und Finanzausschuss;6;Genehmigung der letzten öffentlichen Sitzungsniederschrift (beschließend);beschließend vorgesehen;0;;
2026-05-19;Haupt- und Finanzausschuss;7;Anfragen und Bekanntgaben (informativ);kein beschließender TOP-Titel;0;;
2026-05-07;Marktgemeinderat;1;Eröffnung der neuen Sitzungsperiode des Marktgemeinderates und Verabschiedung ausscheidender Marktgemeinderatsmitglieder (informativ);kein beschließender TOP-Titel;1;;
2026-05-07;Marktgemeinderat;2;Vereidigung der neuen Mitglieder des Marktgemeinderates (beschließend);beschließend vorgesehen;1;;
2026-05-07;Marktgemeinderat;3;Erlass der Satzung zur Regelung von Fragen des örtlichen Gemeindeverfassungsrechts - Beschlussfassung (beschließend);beschließend vorgesehen;1;;
2026-05-07;Marktgemeinderat;4;Erlass der Geschäftsordnung für den Marktgemeinderat - Beschlussfassung (beschließend);beschließend vorgesehen;1;;
2026-05-07;Marktgemeinderat;5;Bekanntgabe der Fraktionsvorsitzenden (informativ);kein beschließender TOP-Titel;1;;Einstimmig
2026-05-07;Marktgemeinderat;6;Bildung eines Wahlausschusses für die Wahl der weiteren Bürgermeister - Beschlussfassung (beschließend);beschließend vorgesehen;1;;
2026-05-07;Marktgemeinderat;7;Wahl der weiteren Bürgermeister (beschließend);beschließend vorgesehen;1;;
2026-05-07;Marktgemeinderat;7.1;Wahl des zweiten Bürgermeisters (beschließend);beschließend vorgesehen;1;;
2026-05-07;Marktgemeinderat;7.2;Wahl des dritten Bürgermeisters (beschließend);beschließend vorgesehen;1;;
2026-05-07;Marktgemeinderat;7.3;Vereidigung des zweiten und/oder dritten Bürgermeisters (beschließend);beschließend vorgesehen;1;;
2026-05-07;Marktgemeinderat;8;Verpflichtung der Bürgermeister auf Geheimhaltung von Angelegenheiten nach Art. 56 a Abs. 1 der Bayerischen Gemeindeordnung (informativ);kein beschließender TOP-Titel;1;;
2026-05-07;Marktgemeinderat;9;Besetzung der Ausschüsse (beschließend);beschließend vorgesehen;1;;Einstimmig
2026-05-07;Marktgemeinderat;9.1;Haupt- und Finanzausschuss- Beschlussfassung (beschließend);beschließend vorgesehen;1;;
2026-05-07;Marktgemeinderat;9.2;Bau- und Umweltausschuss - Beschlussfassung (beschließend);beschließend vorgesehen;1;;
2026-05-07;Marktgemeinderat;9.3;Werkausschuss für den Tourismus Eigenbetrieb Oberstaufen (Tourismusausschuss) - Beschlussfassung (beschließend);beschließend vorgesehen;1;;
2026-05-07;Marktgemeinderat;9.4;Rechnungsprüfungsausschuss - Beschlussfassung (beschließend);beschließend vorgesehen;1;;
2026-05-07;Marktgemeinderat;10;Bestellung eines Vorsitzenden und eines stellvertretenden Vorsitzenden des Rechnungsprüfungsausschusses - Beschlussfassung (beschließend);beschließend vorgesehen;1;Die Ausübung eines Ehrenamtes sei mittlerweile bei weitem keine Selbstverständlic hkeit mehr. Viele würden die damit verbundenen Verpflichtungen scheuen, ob im Verein, in anderen Organisationen oder eben in der Politik.;
2026-05-07;Marktgemeinderat;11;Bestellung der Vertreter des Marktes Oberstaufen in den Aufsichtsrat der Oberstaufen Tourismus Marketing GmbH - Beschlussfassung (beschließend);beschließend vorgesehen;1;;
2026-05-07;Marktgemeinderat;12;Bestellung der Vertreter des Marktes Oberstaufen in den Aufsichtsrat der Aquaria Erlebnisbad-Betriebs GmbH - Beschlussfassung (beschließend);beschließend vorgesehen;1;Die Erweiterungen des Außensaunabereichs im Aquaria sowie der Einstieg in die Planungen des Kurhauses waren ebenfalls Meilenstein e. Die Einrichtung des Naturkindergartens, der Umzug des Familienzentrums in die neuen Räume beim Seniorenzentrum, die Sanierung der Schulsportanlage n sowie die Planungen für die Erweiterung des Schulhauses für die Mittagsbetreuung konnten umgesetzt werden.;
2026-05-07;Marktgemeinderat;13;Bestellung der Vertreter des Marktes Oberstaufen in die Schulverbandsversammlung - Beschlussfassung (beschließend);beschließend vorgesehen;1;;
2026-05-07;Marktgemeinderat;14;Bestellung der Vertreter des Marktes Oberstaufen für den Stiftungsausschuss der Gräfl.-Königsegg-Rothenfels'schen Spitalstiftung und der Gräfl. Königsegg'schen Waisenhausstiftung - Beschlussfassung (beschließend);beschließend vorgesehen;1;In seiner Rede ging er darauf ein, dass es Grundvoraussetzung für das Funktionieren einer Gesellschaft ist, dass sich Menschen für ande re Menschen engagieren, für die Allgemeinheit einsetzen und Aufgaben übernehmen. Die Ausübung eines Ehrenamtes sei mittlerweile bei weitem keine Selbstverständlic hkeit mehr. Viele würden die damit verbundenen Verpflichtungen scheuen, ob im Verein, in anderen Organisationen oder eben;
2026-05-07;Marktgemeinderat;15;Bestellung der Vertreter des Marktes Oberstaufen für den Stiftungsrat der Leprosenstiftung - Beschlussfassung (beschließend);beschließend vorgesehen;1;;
2026-05-07;Marktgemeinderat;16;Bestellung der Vertreter des Marktes Oberstaufen bei der Musikschule Oberallgäu-Süd e. V. - Beschlussfassung (beschließend);beschließend vorgesehen;1;;
2026-05-07;Marktgemeinderat;17;Bestellung von Beauftragten (beschließend);beschließend vorgesehen;1;;
2026-05-07;Marktgemeinderat;17.1;Bestellung eines Familienbeauftragten - Beschlussfassung (beschließend);beschließend vorgesehen;1;Die Ausübung eines Ehrenamtes sei mittlerweile bei weitem keine Selbstverständlic hkeit mehr. Viele würden die damit verbundenen Verpflichtungen scheuen, ob im Verein, in anderen Organisationen oder eben in der Politik.;
2026-05-07;Marktgemeinderat;17.2;Bestellung eines Jugendbeauftragten - Beschlussfassung (beschließend);beschließend vorgesehen;1;Die Ausübung eines Ehrenamtes sei mittlerweile bei weitem keine Selbstverständlic hkeit mehr. Viele würden die damit verbundenen Verpflichtungen scheuen, ob im Verein, in anderen Organisationen oder eben in der Politik.;
2026-05-07;Marktgemeinderat;17.3;Bestellung eines Seniorenbeauftragten - Beschlussfassung (beschließend);beschließend vorgesehen;1;Die Ausübung eines Ehrenamtes sei mittlerweile bei weitem keine Selbstverständlic hkeit mehr. Viele würden die damit verbundenen Verpflichtungen scheuen, ob im Verein, in anderen Organisationen oder eben in der Politik.;
2026-05-07;Marktgemeinderat;18;Bestellung von Erstem Bürgermeister M. B. zum Standesbeamten - Beschlussfassung (beschließend);beschließend vorgesehen;1;;
2026-05-07;Marktgemeinderat;19;Bestellung eines Datenschutzbeauftragten - Beschlussfassung (beschließend);beschließend vorgesehen;1;Die Ausübung eines Ehrenamtes sei mittlerweile bei weitem keine Selbstverständlic hkeit mehr. Viele würden die damit verbundenen Verpflichtungen scheuen, ob im Verein, in anderen Organisationen oder eben in der Politik.;
2026-05-07;Marktgemeinderat;20;Genehmigung der letzten öffentlichen Sitzungsniederschrift (beschließend);beschließend vorgesehen;1;;
2026-05-07;Marktgemeinderat;21;Anfragen und Bekanntgaben (informativ);kein beschließender TOP-Titel;1;;
2026-04-16;Marktgemeinderat;1;Anträge zur Tagesordnung (beschließend);beschließend vorgesehen;1;;
2026-04-16;Marktgemeinderat;2;Tourismus Eigenbetrieb Oberstaufen (beschließend);beschließend vorgesehen;1;April 2026 Tourismus Eigenbetrieb Oberstaufen (TEO) Feststellung und Entlastung des kaufmännischen Jahr esabschlusses 2021/kamerale Jahresrechnung 2021 Der Marktgemeinderat (Art. 88 Abs. 4 Satz 1 GO) ste llte die kamerale Jahresrechnung 2021 (Art.;
2026-04-16;Marktgemeinderat;2.1;Feststellung und Entlastung des kaufmännischen Jahresabschlusses 2021 / kamerale Jahresrechnung 2021 - Beschlussfassung;kein beschließender TOP-Titel;1;April 2026 Tourismus Eigenbetrieb Oberstaufen (TEO) Feststellung und Entlastung des kaufmännischen Jahr esabschlusses 2021/kamerale Jahresrechnung 2021 Der Marktgemeinderat (Art. 88 Abs. 4 Satz 1 GO) ste llte die kamerale Jahresrechnung 2021 (Art.;
2026-04-16;Marktgemeinderat;2.2;Feststellung und Entlastung des kaufmännischen Jahresabschlusses 2022 / kamerale Jahresrechnung 2022 - Beschlussfassung (beschließend);beschließend vorgesehen;1;April 2026 Tourismus Eigenbetrieb Oberstaufen (TEO) Feststellung und Entlastung des kaufmännischen Jahr esabschlusses 2021/kamerale Jahresrechnung 2021 Der Marktgemeinderat (Art. 88 Abs. 4 Satz 1 GO) ste llte die kamerale Jahresrechnung 2021 (Art.;
2026-04-16;Marktgemeinderat;2.3;Neukalkulation Kur- und Fremdenverkehrsbeitrag - Beschlussfassung (beschließend);beschließend vorgesehen;1;Neukalkulation Kur- und Fremdenverkehrsbeitrag Die derzeitige Höhe des Kurbeitrags der Marktgemein de basiert auf der Kalkulation aus dem Jahr 2022. Diese Kalkulation umfasst die Jahre 2023 bis einschließlich 2026 mit einem Kalkulationszeitraum von vier Jahren.;
2026-04-16;Marktgemeinderat;3;"Baugebiete ""Auf der Halde"" (Wiedemannsdorf) und ""Am Anger"" (Steibis) (beschließend)";beschließend vorgesehen;1;Baugebiete „Auf der Halde“ (Wiedemannsdorf) und „Am Anger“ (Steibis) Erbbaurechtsvertrag Der Marktgemeinderat hat in der Sitzung vom 17. Sep tember 2025 die wesentlichen Punkte zur Bauplatzvergabe besprochen und Festlegun gen bezüglich des Erbbaurechtvertrages getroffen.;
2026-04-16;Marktgemeinderat;3.1;Erbbaurechtsvertrag - Beschlussfassung (beschließend);beschließend vorgesehen;1;;
2026-04-16;Marktgemeinderat;3.2;Festlegung Grundstückswerte - Beschlussfassung (beschließend);beschließend vorgesehen;1;Festlegung Grundstückswerte Bei den Bauplätzen „Am Anger“ in Steibis wurde im Jahr 2017 bereits ein Bauplatzpreis von 190,00 Euro pro m² festgehalten. Unter Berücksichtigung des Verbraucherpreisindex und einer Verzinsung von 3 v. H./pro Jahr ergibt sich ein m² Preis von 297,92 Euro (aufgerundet 300,00 Euro).;
2026-04-16;Marktgemeinderat;4;Auftragsvergaben (beschließend);beschließend vorgesehen;1;;
2026-04-16;Marktgemeinderat;4.1;Spritzdeckenteerung von Straßen und Wanderwegen im Gemeindegebiet - Beschlussfassung (beschließend);beschließend vorgesehen;1;Die Verwaltung sieht deshalb einen m²-Preis von 260,00 Euro/m² ohne Erschließung als realistisch an. Der Marktgemeinderat beschloss einstimmig die Bauplatzpreise wie folgt festzulegen: Am Anger, Steibis: 310,00 Euro pro m² plus ökologische Ausgleichsfläche 10,00 Euro pro m².;einstimmig
2026-04-16;Marktgemeinderat;4.2;Kläranlage, Klärschlammentsorgung - Beschlussfassung (beschließend);beschließend vorgesehen;1;Kläranlage, Klärschlammentsorgung Im Jahr 2019 wurde für die Klärschlammentsorgung im Rahmen einer europaweiten Ausschreibung für die Einkaufsgemeinschaft Allgäu A ngebote eingeholt. Die Einkaufsgemeinschaft Allgäu setzte sich aus den grö ßeren Kläranlage im Allgäuer Raum zusammen. Die Firma Emter aus Altenstadt bei Schongau erhielt als günstigster Bieter den Zuschlag.;
2026-04-16;Marktgemeinderat;4.3;Wasserversorgung, Sanierung Leitungsnetz - Beschlussfassung (beschließend);beschließend vorgesehen;1;Aufgrund der aktuell absehbaren Unwägbarkeiten (Evaluation MOBIL PASS ALLGÄU, Kosten Sanierung Kurhaus, Besteuerung Kurbeitrag) hinsichtlich des in die Kalkulation einzustellenden Deckungsbedarf erscheint es jedoch nicht möglich und auch nicht sinnvoll, eine verlässliche Kalkulation im Laufe de s Jahres 2026 zu erstellen.;
2026-04-16;Marktgemeinderat;5;Ortsrecht (beschließend);beschließend vorgesehen;1;;
2026-04-16;Marktgemeinderat;5.1;Neuerlass der Ortsgestaltungssatzung, Beschlussfassung (beschließend);beschließend vorgesehen;1;Ortsrecht Neuerlass der Ortsgestaltungssatzung Der Marktgemeinderat beschloss einstimmig die neue Ortsgestaltungssatzung in der abgedruckten geänderten und gekürzten Form. Die Aus fertigung der Satzung ist ebenfalls im Marktbauamt und auf der Internetseite www.oberstaufen.info  Rathaus & Bürgerservice  Ortsrecht  Baurecht zu finden. Erlass einer Verordnung über das Offenhalten von Ve rkaufsstellen (verkaufsoffener;einstimmig
2026-04-16;Marktgemeinderat;5.2;Erlass einer Verordnung über das Offenhalten von Verkaufsstellen (verkaufsoffener Sonntag) - Beschlussfassung (beschließend);beschließend vorgesehen;1;66 GO die im Haushalt 2021 angefallenen überplanmäßigen A usgaben (Haushaltsüberschreitungen), soweit sie erheblich s ind und die Genehmigung nicht schon in früheren Beschlüssen des Marktgemeinderate s oder seiner beschließenden Ausschüsse erfolgt ist.;
2026-04-16;Marktgemeinderat;6;Kindertagesstätten;kein beschließender TOP-Titel;1;;
2026-04-16;Marktgemeinderat;6.1;Örtliche Bedarfsplanung für das Jahr 2026/2027 - Beschlussfassung (beschließend);beschließend vorgesehen;1;April 2026 Tourismus Eigenbetrieb Oberstaufen (TEO) Feststellung und Entlastung des kaufmännischen Jahr esabschlusses 2021/kamerale Jahresrechnung 2021 Der Marktgemeinderat (Art. 88 Abs. 4 Satz 1 GO) ste llte die kamerale Jahresrechnung 2021 (Art.;
2026-04-16;Marktgemeinderat;6.2;Neuerlass der Gebührensatzung für den Kindergarten Thalkirchdorf und den Naturkindergarten - Beschlussfassung (beschließend);beschließend vorgesehen;1;;
2026-04-16;Marktgemeinderat;7;Genehmigung der letzten öffentlichen Sitzungsniederschrift (beschließend);beschließend vorgesehen;1;66 GO die im Haushalt 2021 angefallenen überplanmäßigen A usgaben (Haushaltsüberschreitungen), soweit sie erheblich s ind und die Genehmigung nicht schon in früheren Beschlüssen des Marktgemeinderate s oder seiner beschließenden Ausschüsse erfolgt ist. Der Marktgemeinderat (Art. 88 Abs. 4 Satz 1 GO) ste llte den vom Wirtschaftsprüfer geprüften kaufmännischen Jahresabschluss 2021 (Art.;
2026-04-16;Marktgemeinderat;8;Anfragen und Bekanntgaben (informativ);kein beschließender TOP-Titel;1;;
2026-03-25;Bau- und Umweltausschuss;1;Anträge zur Tagesordnung (beschließend);beschließend vorgesehen;0;;
2026-03-25;Bau- und Umweltausschuss;2;Bauanträge (beschließend);beschließend vorgesehen;0;;
2026-03-25;Bau- und Umweltausschuss;2.1;"Kalzhofer Straße 5, Fl.-Nr. 55 Gem. Oberstaufen; Umbau des bestehenden Wohnhauses mit 3 Wohneinheiten, Einbau von 3 weiteren Wohneinheiten (beschließend)";beschließend vorgesehen;0;;
2026-03-25;Bau- und Umweltausschuss;2.2;"Kreuzwiesenweg 9, Fl.-Nr. 1722 Gem. Oberstaufen; Anbau eines Jungviehstalles und einer Heuhalle an einem bestehenden Stadel (beschließend)";beschließend vorgesehen;0;;
2026-03-25;Bau- und Umweltausschuss;2.3;"Meerau 37, Kalzhofen; Fl. Nr. 1746 Gemarkung Oberstaufen; Erweiterung und Aufstockung eines Wellnessgebäudes im Rahmen einer Hotelanlage (beschließend)";beschließend vorgesehen;0;;
2026-03-25;Bau- und Umweltausschuss;2.4;"An der Sonnhalde 8; Fl.Nr. 176/4 Gemarkung Oberstaufen; Neubau eines Mehrfamilienhauses mit Garage (beschließend)";beschließend vorgesehen;0;;
2026-03-25;Bau- und Umweltausschuss;2.5;"Burgangerweg 13; Fl. Nr. 722/1 Gemarkung Thalkirchdorf; Anbau einer Einliegerwohnung (beschließend)";beschließend vorgesehen;0;;
2026-03-25;Bau- und Umweltausschuss;2.6;Ersatzbau Doppelmembrangasbehälter auf der Kläranlage Oberstaufen;kein beschließender TOP-Titel;0;;
2026-03-25;Bau- und Umweltausschuss;2.7;"Vorderreute, Fl.-Nr. 1421 Gem. Oberstaufen; Neubau eines Viehstalls (beschließend)";beschließend vorgesehen;0;;
2026-03-25;Bau- und Umweltausschuss;2.8;"Zell 6, Fl.-Nr. 3381 Gem. Oberstaufen; Neubau eines Carports (beschließend)";beschließend vorgesehen;0;;
2026-03-25;Bau- und Umweltausschuss;3;Bauvoranfragen;kein beschließender TOP-Titel;0;;
2026-03-25;Bau- und Umweltausschuss;3.1;"Salzstraße 41, Fl.-Nr661, 664/9 Gem. Thalkirchdorf; Abbruch und Neuerrichtung von Mehrfamilienhäusern (beschließend)";beschließend vorgesehen;0;;
2026-03-25;Bau- und Umweltausschuss;4;"Vollzug des BayStrWG; (beschließend)";beschließend vorgesehen;0;;
2026-03-25;Bau- und Umweltausschuss;4.1;Änderung der Bezeichnung der Ortsstraße 7 Ob in Kalzhofen im Straßenbestandsverzeichnis (beschließend);beschließend vorgesehen;0;;
2026-03-25;Bau- und Umweltausschuss;4.2;Verlängerung der Ortstraße 7 Ob (beschließend);beschließend vorgesehen;0;;
2026-03-25;Bau- und Umweltausschuss;5;Auftragsvergaben (beschließend);beschließend vorgesehen;0;;
2026-03-25;Bau- und Umweltausschuss;5.1;Kläranlage, Sanierung Außenfassade Faulturm - Beschlussfassung (beschließend);beschließend vorgesehen;0;;
2026-03-25;Bau- und Umweltausschuss;5.2;Kläranlage Oberstaufen, Erweiterung PV-Anlage - Beschlussfassung (beschließend);beschließend vorgesehen;0;;
2026-03-25;Bau- und Umweltausschuss;5.3;Kläranlage Gasturbine, Anlagenertüchtigung (beschließend);beschließend vorgesehen;0;;
2026-03-25;Bau- und Umweltausschuss;5.4;Kläranlage, Auftragsvergabe Ersatzbau Gasspeicher (beschließend);beschließend vorgesehen;0;;
2026-03-25;Bau- und Umweltausschuss;6;"Gemeinde Missen-Wilhams; Bebauungsplan mit Grünordnung ""Wiederhofen-Ost"" und 8. Änderung Flächennutzungsplan/Landschaftsplan (beschließend)";beschließend vorgesehen;0;;
2026-03-25;Bau- und Umweltausschuss;7;Genehmigung der letzten öffentlichen Sitzungsniederschrift (beschließend);beschließend vorgesehen;0;;
2026-03-25;Bau- und Umweltausschuss;8;Anfragen und Bekanntgaben (informativ);kein beschließender TOP-Titel;0;;
2026-03-25;Bau- und Umweltausschuss;8.1;Naturschutzmaßnahmen durch den Naturpark-Nagelfluhkette Hier: Hintere Hochwies, Unterberggund (beschließend);beschließend vorgesehen;0;;
2026-03-25;Bau- und Umweltausschuss;8.2;"Naturschutzmaßnahmen durch den Naturpark-Nagelfluh, Bereich Freistellung ""Unterberggrund";kein beschließender TOP-Titel;0;;
2026-03-05;Marktgemeinderat;1;Anträge zur Tagesordnung (beschließend);beschließend vorgesehen;1;;
2026-03-05;Marktgemeinderat;2;Aquaria Erlebnisbad-Betriebs GmbH: Wirtschafts-, Finanz- und Stellenplan 2026 - Beschlussfassung (beschließend);beschließend vorgesehen;1;03.2026 – Haushalt 2026 beschlossen Der Marktgemeinderat entschied in seiner Sitzung vo m 05.03.2026 zunächst über die Wirtschaftspläne der gemeindlichen GmbH’s und des Tourismus Eigenbetrieb Oberstaufen (TEO) sowie über den Haushaltsplan 2026 der Marktgemeinde selbst.;
2026-03-05;Marktgemeinderat;3;Oberstaufen Tourismus Marketing GmbH (OTM): Wirtschafts-, Finanz- und Stellenplan 2026 - Beschlussfassung (beschließend);beschließend vorgesehen;1;03.2026 – Haushalt 2026 beschlossen Der Marktgemeinderat entschied in seiner Sitzung vo m 05.03.2026 zunächst über die Wirtschaftspläne der gemeindlichen GmbH’s und des Tourismus Eigenbetrieb Oberstaufen (TEO) sowie über den Haushaltsplan 2026 der Marktgemeinde selbst.;
2026-03-05;Marktgemeinderat;4;Tourismus Eigenbetrieb Oberstaufen (TEO): Wirtschaftsplan 2026 - Beschlussfassung (beschließend);beschließend vorgesehen;1;03.2026 – Haushalt 2026 beschlossen Der Marktgemeinderat entschied in seiner Sitzung vo m 05.03.2026 zunächst über die Wirtschaftspläne der gemeindlichen GmbH’s und des Tourismus Eigenbetrieb Oberstaufen (TEO) sowie über den Haushaltsplan 2026 der Marktgemeinde selbst.;
2026-03-05;Marktgemeinderat;5;Genehmigung Haushaltsplan mit Haushaltssatzung 2026 samt Anlagen - Beschlussfassung (beschließend);beschließend vorgesehen;1;03.2026 – Haushalt 2026 beschlossen Der Marktgemeinderat entschied in seiner Sitzung vo m 05.03.2026 zunächst über die Wirtschaftspläne der gemeindlichen GmbH’s und des Tourismus Eigenbetrieb Oberstaufen (TEO) sowie über den Haushaltsplan 2026 der Marktgemeinde selbst.;
2026-03-05;Marktgemeinderat;6;Tourismus Eigenbetrieb Oberstaufen (TEO) (beschließend);beschließend vorgesehen;1;2026 zunächst über die Wirtschaftspläne der gemeindlichen GmbH’s und des Tourismus Eigenbetrieb Oberstaufen (TEO) sowie über den Haushaltsplan 2026 der Marktgemeinde selbst. Aquaria Erlebnisbad-Betriebs GmbH: Wirtschafts-, Finanz- und Stellenplan 2026 Die Aquaria Erlebnisbad-Betriebs GmbH legte den Wir tschaftsplan 2026 vor.;
2026-03-05;Marktgemeinderat;6.1;Bekanntmachung des kaufmännischen Jahresabschlusses 2021 / kamerale Jahresrechnung 2021 - Beschlussfassung (beschließend);beschließend vorgesehen;1;Genehmigung des Haushaltsplanes und der Haushaltssatzung des Marktes Oberstaufen für das Jahr 2026 In zwei Sitzungen des Haupt- und Finanzausschusses (kameraler Haushalt des Marktes Oberstaufen) und in einer Sitzung des Tourismusauss chusses (kaufmännischer Erfolgs- und Vermögensplan des Tourismus Eigenbetrieb Oberstaufen - TEO) sowie in internen Vorgesprächen wurde der Haushaltsplan 2026 mit Finanzplanung 2027 – 202;
2026-03-05;Marktgemeinderat;6.2;Bekanntmachung des kaufmännischen Jahresabschlusses 2022 / kamerale Jahresrechnung 2022 - Beschlussfassung (beschließend);beschließend vorgesehen;1;Genehmigung des Haushaltsplanes und der Haushaltssatzung des Marktes Oberstaufen für das Jahr 2026 In zwei Sitzungen des Haupt- und Finanzausschusses (kameraler Haushalt des Marktes Oberstaufen) und in einer Sitzung des Tourismusauss chusses (kaufmännischer Erfolgs- und Vermögensplan des Tourismus Eigenbetrieb Oberstaufen - TEO) sowie in internen Vorgesprächen wurde der Haushaltsplan 2026 mit Finanzplanung 2027 – 202;
2026-03-05;Marktgemeinderat;6.3;Auftragsvergabe Infopoint Buchenegger Wasserfälle - Beschlussfassung (beschließend);beschließend vorgesehen;1;Unter folgendem Link ist der Haushaltsplan 2026 mit Finanzplanung 2027 – 2029 visuell abruf- bar: Link: https://app.kslplus.de/?kunde=4&gemeinde=1&jahr=2026&plantyp=1&planstufe=6 Der Verwaltungshaushalt 2026 weist laufende Einnahmen von 32.;
2026-03-05;Marktgemeinderat;7;Jahresrechnung 2024 des Marktes Oberstaufen (beschließend);beschließend vorgesehen;1;Genehmigung des Haushaltsplanes und der Haushaltssatzung des Marktes Oberstaufen für das Jahr 2026 In zwei Sitzungen des Haupt- und Finanzausschusses (kameraler Haushalt des Marktes Oberstaufen) und in einer Sitzung des Tourismusauss chusses (kaufmännischer Erfolgs- und Vermögensplan des Tourismus Eigenbetrieb Oberstaufen - TEO) sowie in internen Vorgesprächen wurde der Haushaltsplan 2026 mit Finanzplanung 2027 – 202;
2026-03-05;Marktgemeinderat;7.1;Bericht des Rechnungsprüfungsausschussvorsitzenden - informativ (informativ);kein beschließender TOP-Titel;1;;
2026-03-05;Marktgemeinderat;7.2;Feststellung und Entlastung - Beschlussfassung (beschließend);beschließend vorgesehen;1;Unter folgendem Link ist der Haushaltsplan 2026 mit Finanzplanung 2027 – 2029 visuell abruf- bar: Link: https://app.kslplus.de/?kunde=4&gemeinde=1&jahr=2026&plantyp=1&planstufe=6 Der Verwaltungshaushalt 2026 weist laufende Einnahmen von 32.;
2026-03-05;Marktgemeinderat;8;Fortführung Renaturierung Konstanzer Ach, BAII - Beschlussfassung (beschließend);beschließend vorgesehen;1;Unter folgendem Link ist der Haushaltsplan 2026 mit Finanzplanung 2027 – 2029 visuell abruf- bar: Link: https://app.kslplus.de/?kunde=4&gemeinde=1&jahr=2026&plantyp=1&planstufe=6 Der Verwaltungshaushalt 2026 weist laufende Einnahmen von 32.;
2026-03-05;Marktgemeinderat;9;Auftragsvergaben (beschließend);beschließend vorgesehen;1;;
2026-03-05;Marktgemeinderat;9.1;Wasserversorgung Imberggebiet, Anlagenbau mit Druckerhöhungsanlage - Beschlussfassung (beschließend);beschließend vorgesehen;1;;
2026-03-05;Marktgemeinderat;9.2;Straßensanierungsmaßnahme 2026 - Beschlussfassung (beschließend);beschließend vorgesehen;1;03.2026 – Haushalt 2026 beschlossen Der Marktgemeinderat entschied in seiner Sitzung vo m 05.03.2026 zunächst über die Wirtschaftspläne der gemeindlichen GmbH’s und des Tourismus Eigenbetrieb Oberstaufen (TEO) sowie über den Haushaltsplan 2026 der Marktgemeinde selbst.;
2026-03-05;Marktgemeinderat;10;Bauleitplanverfahren Bebauungsplan Oberstaufen Ortsmitte mit Erhaltungssatzung und Erlass einer Veränderungssperre - Hier Mitteilung der Rechtslage und Ergänzung - Beschlussfassung (beschließend);beschließend vorgesehen;1;;
2026-03-05;Marktgemeinderat;11;Genehmigung der letzten öffentlichen Sitzungsniederschrift (beschließend);beschließend vorgesehen;1;;
2026-03-05;Marktgemeinderat;12;Anfragen und Bekanntgaben (informativ);kein beschließender TOP-Titel;1;;
2026-03-04;Bau- und Umweltausschuss;1;Anträge zur Tagesordnung (beschließend);beschließend vorgesehen;0;;
2026-03-04;Bau- und Umweltausschuss;2;Bauanträge (beschließend);beschließend vorgesehen;0;;
2026-03-04;Bau- und Umweltausschuss;2.1;"St.-Rochus-Weg 7, Fl.-Nrn. 855/4 und 855/7 Gem. Aach i. Allg.; Abbruch des bestehenden Hofes und Neubau eines Mehrfamilienhauses mit 3 Wohneinheiten (beschließend)";beschließend vorgesehen;0;;
2026-03-04;Bau- und Umweltausschuss;2.2;"Hub 2, Fl.-Nrn 325/1 und 327/1 Gem. Thalkirchdorf; Abbruch des bisherigen Wirtschaftsteils und Neubau (beschließend)";beschließend vorgesehen;0;;
2026-03-04;Bau- und Umweltausschuss;2.3;"Burgangerweg 4, Fl.-Nr. 728 Gem. Thalkirchdorf; Einbau von einer Wohneinheit (OG) (Pflegewohnung), einem Büro (EG) im Wirtschaftsteil des best. landw. Anwesens und Anbau eines Carports für zwei Pkw (beschließend)";beschließend vorgesehen;0;;
2026-03-04;Bau- und Umweltausschuss;2.4;"Salmas 52a, Fl.-Nr. 1031/5 Gem. Thalkirchdorf; Umbau der gewerblichen Lagerstätte zu einem Bürogebäude und Errichtung einer Betriebsleiterwohnung sowie einer Mitarbeiterwohnung (beschließend)";beschließend vorgesehen;0;;
2026-03-04;Bau- und Umweltausschuss;2.5;"Willis 14, Fl.-Nr. 691/3 Gem. Oberstaufen; Nutzungsänderung eines Einfamilienhauses in ein Zweifamilienhaus und Errichtung eines Gartenhauses (beschließend)";beschließend vorgesehen;0;;
2026-03-04;Bau- und Umweltausschuss;2.6;"Weißachstraße 7, Fl.-Nr.143 Gem. Oberstaufen; Carport zum unterstellen von Autos (beschließend)";beschließend vorgesehen;0;;
2026-03-04;Bau- und Umweltausschuss;2.7;"Salzstraße 78, Fl.-Nr. 676/2 Gem. Thalkirchdorf; Neubau von einem Doppelhaus (beschließend)";beschließend vorgesehen;0;;
2026-03-04;Bau- und Umweltausschuss;2.8;"Kalzhofer Straße 47, Fl.-Nr. 1656 Gem. Oberstaufen; Aufbau von Dachgauben, Anbau Balkone und Einbau von drei Ferienwohnungen (beschließend)";beschließend vorgesehen;0;;
2026-03-04;Bau- und Umweltausschuss;2.9;"Weißachstraße 10, Fl.-Nr. 149/2 Gem. Oberstaufen; Teilumbau + Nutzungsänderung zu einer Privatwohnung (beschließend)";beschließend vorgesehen;0;;
2026-03-04;Bau- und Umweltausschuss;2.10;"Salzstraße 26, Fl.-Nrn. 696 u. 697 Gem. Thalkirchdorf; Nutzungsänderung von Wohnung in Ferienwohnung (beschließend)";beschließend vorgesehen;0;;
2026-03-04;Bau- und Umweltausschuss;3;Bauvoranfragen;kein beschließender TOP-Titel;0;;
2026-03-04;Bau- und Umweltausschuss;4;Auftragsvergaben (beschließend);beschließend vorgesehen;0;;
2026-03-04;Bau- und Umweltausschuss;4.1;Wasserversorgung Kalzhofer Straße und Immenstädter Straße, Sanierung, Ingenieurleistungen - Beschlussfassung (beschließend);beschließend vorgesehen;0;;
2026-03-04;Bau- und Umweltausschuss;4.2;Regenwasserkanal Auswechslung im Ortsteil Salmas - Beschlussfassung (beschließend);beschließend vorgesehen;0;;
2026-03-04;Bau- und Umweltausschuss;4.3;Kanalsanierung Oberstaufen Nord, Ingenieurleistungen gemäß Eigenüberwachungsverordnung - Beschlussfassung (beschließend);beschließend vorgesehen;0;;
2026-03-04;Bau- und Umweltausschuss;5;Ehem. Krankenhaus: Sanierung Heizungsleitungen im UG - Beschlussfassung;kein beschließender TOP-Titel;0;;
2026-03-04;Bau- und Umweltausschuss;6;Pflastersanierung der Fußgängerzone Hier: Flächenabgrenzungen - Beschlussfassung;kein beschließender TOP-Titel;0;;
2026-03-04;Bau- und Umweltausschuss;7;Vorberatung zur Ortsgestaltungssatzung (vorberatend);kein beschließender TOP-Titel;0;;
2026-03-04;Bau- und Umweltausschuss;8;Straßensanierungsmaßnahme 2026 - Beschlussfassung (beschließend);beschließend vorgesehen;0;;
2026-03-04;Bau- und Umweltausschuss;9;Genehmigung der letzten öffentlichen Sitzungsniederschrift (beschließend);beschließend vorgesehen;0;;
2026-03-04;Bau- und Umweltausschuss;10;Anfragen und Bekanntgaben (informativ);kein beschließender TOP-Titel;0;;
2026-02-03;Haupt- und Finanzausschuss;1;Anträge zur Tagesordnung (beschließend);beschließend vorgesehen;0;;
2026-02-03;Haupt- und Finanzausschuss;2;Vermögenshaushalt Markt Oberstaufen 2026 mit Finanzplanung - Vorberatung (vorberatend);kein beschließender TOP-Titel;0;;
2026-02-03;Haupt- und Finanzausschuss;3;Genehmigung der letzten öffentlichen Sitzungsniederschrift (beschließend);beschließend vorgesehen;0;;
2026-02-03;Haupt- und Finanzausschuss;4;Anfragen und Bekanntgaben (informativ);kein beschließender TOP-Titel;0;;
2026-01-27;Haupt- und Finanzausschuss;1;Anträge zur Tagesordnung;kein beschließender TOP-Titel;0;;
2026-01-27;Haupt- und Finanzausschuss;2;"Hundesteuer; Angebot zur Hundebstandsaufnahme (beschließend)";beschließend vorgesehen;0;;
2026-01-27;Haupt- und Finanzausschuss;3;OHA e. V.: Zuschuss für Werbekosten - Beschlussfassung (beschließend);beschließend vorgesehen;0;;
2026-01-27;Haupt- und Finanzausschuss;4;Verwaltungshaushalt Markt Oberstaufen 2026 mit Finanzplanung - Vorberatung (vorberatend);kein beschließender TOP-Titel;0;;
2026-01-27;Haupt- und Finanzausschuss;5;Genehmigung der letzten öffentlichen Sitzungsniederschrift (beschließend);beschließend vorgesehen;0;;
2026-01-27;Haupt- und Finanzausschuss;6;Anfragen und Bekanntgaben (informativ);kein beschließender TOP-Titel;0;;
2026-01-26;Tourismusausschuss;1;Genehmigung der letzten öffentlichen Sitzungsniederschrift;kein beschließender TOP-Titel;0;;
2026-01-26;Tourismusausschuss;2;Anträge zur Tagesordnung;kein beschließender TOP-Titel;0;;
2026-01-26;Tourismusausschuss;3;Vorläufige Tourismuszahlen 2025;kein beschließender TOP-Titel;0;;
2026-01-26;Tourismusausschuss;4;Wirtschaftsplan Tourismus Eigenbetrieb Oberstaufen 2026 - Vorberatung;kein beschließender TOP-Titel;0;;
2026-01-26;Tourismusausschuss;5;Info-Point Buchenegger Wasserfälle - Aktueller Sachstand (vorberatend);kein beschließender TOP-Titel;0;;
2026-01-26;Tourismusausschuss;6;Johann-Schroth-Park - Errichtung Infrastruktur für Veranstaltungen, Sanierung der Wegeanlage - Beschlussfassung (beschließend);beschließend vorgesehen;0;;
2026-01-26;Tourismusausschuss;7;Anfragen und Bekanntgaben;kein beschließender TOP-Titel;0;;
2026-01-14;Bau- und Umweltausschuss;1;Anträge zur Tagesordnung (beschließend);beschließend vorgesehen;0;;
2026-01-14;Bau- und Umweltausschuss;2;Bauanträge (beschließend);beschließend vorgesehen;0;;
2026-01-14;Bau- und Umweltausschuss;2.1;"Am Giebel 7, Fl.-Nr.693/3 Gem. Aach i. Allg.; Teilung einer Eigentumswohnung in zwei Eigentumswohnungen (beschließend)";beschließend vorgesehen;0;;
2026-01-14;Bau- und Umweltausschuss;2.2;"St.-Rochus-Weg 4, Fl.-Nr. 867 Gem. Aach; Nutzungsänderung von Gaststätte zu 4 Ferienwohnungen im EG (beschließend)";beschließend vorgesehen;0;;
2026-01-14;Bau- und Umweltausschuss;2.3;"Salzstraße 46, Fl.-Nr. 678/3 Gem. Thalkirchdorf; Nutzungsänderung von Teilen des EG sowie Größenänderung der Garage mit Bestellräumen (beschließend)";beschließend vorgesehen;0;;
2026-01-14;Bau- und Umweltausschuss;2.4;"In der Au 14, Fl.-Nr. 784 Gem. Aach; Anbau eines Aufenthaltsraumes an das bestehende Garagengebäude (beschließend)";beschließend vorgesehen;0;;
2026-01-14;Bau- und Umweltausschuss;2.5;"Am Gemsholz 9, Fl.-Nr. 787 Gem. Aach i. Allg.; Geländeauffüllung (beschließend)";beschließend vorgesehen;0;;
2026-01-14;Bau- und Umweltausschuss;2.6;"Aach 14, Fl.-Nrn 41/2, 41/10, 12, 22/2 Gem. Aach; Kabelverlegungsarbeiten Telekom an der Wahlfahrtskirche Maria Schnee in Aach (i.R. eines Denkmalschutzverfahren - Bodendenkmal) (beschließend)";beschließend vorgesehen;0;;
2026-01-14;Bau- und Umweltausschuss;2.7;"Aach i. Allg. 7, Fl.-Nr. 14 Gem. Aach; Umbau und Nutzungsänderung des Ober- und Dachgeschosses von Gästezimmern in drei Wohneinheiten, Reduzierung der Gastplätze auf max. 40 in d. Gaststätte im EG, Errichtung von 17 Pkw-Stellplätzen; 1. Tekturantrag (beschließend)";beschließend vorgesehen;0;;
2026-01-14;Bau- und Umweltausschuss;3;Bauvoranfragen;kein beschließender TOP-Titel;0;;
2026-01-14;Bau- und Umweltausschuss;3.1;"Badstraße 9a, Fl.-Nr. 79/3 Gem. Thalkirchdorf; Neubau eines Zweifamilienhauses mit Garage (beschließend)";beschließend vorgesehen;0;;
2026-01-14;Bau- und Umweltausschuss;3.2;"Badstraße 11a, Fl.-Nrn 79/2 Gem. Thalkirchdorf; Neubau eines Zweifamilienhauses mit Garage (beschließend)";beschließend vorgesehen;0;;
2026-01-14;Bau- und Umweltausschuss;3.3;"Osterdorf 12, Fl.-Nr. 301 Gem. Thalkirchdorf; Ersatzneubau des Wohnteils eines ehem. landw. Gebäudes mit 2+4 Wohnungen (2 Bestand 4 Neubau) (Antrag auf Vorbescheid) (beschließend)";beschließend vorgesehen;0;;
2026-01-14;Bau- und Umweltausschuss;4;Auftragsvergaben (beschließend);beschließend vorgesehen;0;;
2026-01-14;Bau- und Umweltausschuss;5;"Gemeinde Blaichach; Integriertes städtebauliches Entwicklungskonzept mit Fortschreibung der vorbereitenden Untersuchungen (informativ)";kein beschließender TOP-Titel;0;;
2026-01-14;Bau- und Umweltausschuss;6;"Abwägungs- und Satzungsbeschluss über die Einbeziehungssatzung ""Salmas Nord"" (beschließend)";beschließend vorgesehen;0;;
2026-01-14;Bau- und Umweltausschuss;7;Genehmigung der letzten öffentlichen Sitzungsniederschrift (beschließend);beschließend vorgesehen;0;;
2026-01-14;Bau- und Umweltausschuss;8;Anfragen und Bekanntgaben (informativ);kein beschließender TOP-Titel;0;;
2026-01-14;Bau- und Umweltausschuss;8.1;"Meerau 12, Fl.-Nr. 1669 u. 1671 Gem. Oberstaufen; Neubau Einfamilienhaus mit Carport (informativ)";kein beschließender TOP-Titel;0;;
2026-01-14;Bau- und Umweltausschuss;8.2;"Unterdorf 22, Fl.-Nr. 439/6, Gem. Aach i. Allg.; Nutzungsänderung eines Wohnhauses zu möblierten Unterkünften zur tagweisen Vermietung (5 Wohneinheiten) - Änderung des Stellplatznachweises (beschließend)";beschließend vorgesehen;0;;
2025-12-11;Marktgemeinderat;1;Anträge zur Tagesordnung (beschließend);beschließend vorgesehen;1;;
2025-12-11;Marktgemeinderat;2;Kurhaus Oberstaufen: Beschlussfassung zum weiteren Vorgehen auf Basis der Standortanalyse (beschließend);beschließend vorgesehen;1;Dezember 2025 Kurhaus Oberstaufen: Beschlussfassung zum weiteren Vorgehen auf Basis der Standortanalyse In der letzten Sitzung des Marktgemeinderates am 13 . November 2025 wurden die Fraktionen nach der Präsentation der Architektur- u nd Stadtplaner und Diskussion in der Runde darum gebeten, in ihren Fraktionen das Th ema Kurhaus Oberstaufen zu diskutieren, damit in der Dezember-Sitzung ein ents prechender Grundsatzb;
2025-12-11;Marktgemeinderat;3;MOBIL PASS ALLGÄU - Verlängerung der Pilotphase bis 31.12.2027 - Anpassung Beitrag - Beschlussfassung (beschließend);beschließend vorgesehen;1;MOBIL PASS ALLGÄU – Verlängerung der Pilotphase bis 31.12.2027 – Anpassung Beitrag In der Sitzung der Vollversammlung des MOBIL PASS ALLGÄU am 31. Oktober 2025, die sich aus den 17 teilnehmenden Kommunen, der Allgäu-Walser-Service GmbH als Systembetreiber, der WIIF GmbH für die Projektleitu ng, weiteren zentralen Projektpartnern wie dem Landkreis Oberallgäu – Sac hgebiet ÖPNV, den teilnehmenden Verkehrsverbünde und -;
2025-12-11;Marktgemeinderat;4;Bauleitplanung (beschließend);beschließend vorgesehen;1;;
2025-12-11;Marktgemeinderat;4.1;"Aufhebung des Bebauungsplanes ""Am Staufenhang"" - Beschlussfassung (beschließend)";beschließend vorgesehen;1;Dezember 2025 Kurhaus Oberstaufen: Beschlussfassung zum weiteren Vorgehen auf Basis der Standortanalyse In der letzten Sitzung des Marktgemeinderates am 13 . November 2025 wurden die Fraktionen nach der Präsentation der Architektur- u nd Stadtplaner und Diskussion in der Runde darum gebeten, in ihren Fraktionen das Th ema Kurhaus Oberstaufen zu diskutieren, damit in der Dezember-Sitzung ein ents prechender Grundsatzb;
2025-12-11;Marktgemeinderat;4.2;"Aufhebung des Bebauungsplanes ""Pfalzen III"" - Beschlussfassung (beschließend)";beschließend vorgesehen;1;Dezember 2025 Kurhaus Oberstaufen: Beschlussfassung zum weiteren Vorgehen auf Basis der Standortanalyse In der letzten Sitzung des Marktgemeinderates am 13 . November 2025 wurden die Fraktionen nach der Präsentation der Architektur- u nd Stadtplaner und Diskussion in der Runde darum gebeten, in ihren Fraktionen das Th ema Kurhaus Oberstaufen zu diskutieren, damit in der Dezember-Sitzung ein ents prechender Grundsatzb;
2025-12-11;Marktgemeinderat;4.3;"Aufhebung des Bebauungsplanes ""Pfalzen V"" - Beschlussfassung (beschließend)";beschließend vorgesehen;1;Dezember 2025 Kurhaus Oberstaufen: Beschlussfassung zum weiteren Vorgehen auf Basis der Standortanalyse In der letzten Sitzung des Marktgemeinderates am 13 . November 2025 wurden die Fraktionen nach der Präsentation der Architektur- u nd Stadtplaner und Diskussion in der Runde darum gebeten, in ihren Fraktionen das Th ema Kurhaus Oberstaufen zu diskutieren, damit in der Dezember-Sitzung ein ents prechender Grundsatzb;
2025-12-11;Marktgemeinderat;4.4;Aufstellungsbeschluss für Bebauungsplan Oberstaufen Ortsmitte (Festlegung des Geltungsbereiches zur Sicherung des Gewerbes und Einzelhandels) - Beschlussfassung (informativ);kein beschließender TOP-Titel;1;Bauleitplanung Aufhebung des Bebauungsplanes „Am Staufenhang“ Wie bereits mehrfach beraten, besteht die Notwendig keit, dass insbesondere alte Bebauungspläne, die ihren planerischen Bedarf verlo ren haben, aufzuheben sind. Nachdem man bei zwei Bebauungsplänen in Wiedemannsd orf bereits das Aufhebungsverfahren abgeschlossen hat, schlägt die Verwaltung vor, dass ebenso der Bebauungsplan „Staufenhang“ aus dem Jahr 1993 ;
2025-12-11;Marktgemeinderat;4.5;Erlass einer Veränderungssperre zur Sicherung des Gewerbes und Einzelhandels im Zuge des Bebauungsplanes Oberstaufen Ortsmitte - Beschlussfassung (beschließend);beschließend vorgesehen;1;Der Marktgemeinderat beschloss einstimmig die Sanierung des Kurhauses anzugehen und hierbei die oben dargestellten Ziele und Ergebnisse aus der Standortanalyse unter dem Vorbehalt der Finanzierbarkeit umzusetzen. Die weiteren Anregungen aus Marktgemeinderat und Verwaltung sind ebenfalls zu b erücksichtigen.;einstimmig
2025-12-11;Marktgemeinderat;5;"Darlehen für die Energiegesellschaft Oberallgäu (EGOA GmbH); Projekt Carport-PV-Anlage Klinik Immenstadt - Beschlussfassung (beschließend)";beschließend vorgesehen;1;In der Diskussion stellte sich heraus, dass der Mar ktgemeinderat klar hinter dem Projekt Kurhaus Oberstaufen steht. Für die weiteren Beschlüsse sind generell Kostenaufstellungen gewünscht, besonders für die Th emen Altlasten und das Brandschutzkonzept. Außerdem wurde der Vorbehalt de r Finanzierbarkeit mit in den Beschluss aufgenommen.;
2025-12-11;Marktgemeinderat;6;Fortschreibung des qualifizierten Mietspiegels des Marktes Oberstaufen mittels Indexzahlen - Beschlussfassung (beschließend);beschließend vorgesehen;1;;
2025-12-11;Marktgemeinderat;7;Änderungen des Ortsrechts (beschließend);beschließend vorgesehen;1;;
2025-12-11;Marktgemeinderat;7.1;Neufassung der Zweitwohnungssteuersatzung - Beschlussfassung (beschließend);beschließend vorgesehen;1;;
2025-12-11;Marktgemeinderat;7.2;Neuerlass der Benutzungssatzung für das Färberhaus - Beschlussfassung (beschließend);beschließend vorgesehen;1;;
2025-12-11;Marktgemeinderat;7.3;Neuerlass der Gebührensatzung für das Färberhaus - Beschlussfassung (beschließend);beschließend vorgesehen;1;;
2025-12-11;Marktgemeinderat;8;Genehmigung der letzten öffentlichen Sitzungsniederschrift (beschließend);beschließend vorgesehen;1;;
2025-12-11;Marktgemeinderat;9;Anfragen und Bekanntgaben (informativ);kein beschließender TOP-Titel;1;;
2025-11-26;Bau- und Umweltausschuss;1;Anträge zur Tagesordnung (beschließend);beschließend vorgesehen;0;;
2025-11-26;Bau- und Umweltausschuss;2;Bauanträge (beschließend);beschließend vorgesehen;0;;
2025-11-26;Bau- und Umweltausschuss;2.1;"Klosterstraße 10 und 12, Fl.-Nr. 1665 Gem. Oberstaufen; Neubau einer Garage als Grenzbebauung (beschließend)";beschließend vorgesehen;0;;
2025-11-26;Bau- und Umweltausschuss;2.2;"Hagspiel 4, Fl.-Nr. 1167 Gem. Aach; Umnutzung der bestehenden Gaststätte zu einer Wohnung und brandschutztechnischer Ertüchtigung (beschließend)";beschließend vorgesehen;0;;
2025-11-26;Bau- und Umweltausschuss;2.3;"Unterdorf 22, Fl.-Nr. 439/6 Gem. Aach i. Allg.; Nutzungsänderung eines Wohnhauses zu möblierten Unterkünften zur tagweisen Vermietung (5 Wohneinheiten) (beschließend)";beschließend vorgesehen;0;;
2025-11-26;Bau- und Umweltausschuss;2.4;"Bahnhofstraße 6, Fl.-Nr. 101/2 Gem. Oberstaufen; Einbau v. 4 Wohnungen anstelle d. 2 Läden im EG und Einbau einer weiteren Wohnung im 1. OG aus Teilen d. angrenzenden Wohnungen (jetzt 12 anstelle v. 7 Wohnungen) sowie Anbau v 2 weiteren Balkone im 1.OG (beschließend)";beschließend vorgesehen;0;;
2025-11-26;Bau- und Umweltausschuss;2.5;"Willis 8, Fl.-Nrn 684, 690/1 Gem. Oberstaufen; Hotelresort Bergkristall; Neubau einer Tiefgarage sowie Chalets, einem Betriebsleiterwohnhaus und Löschwasserteich; 2. Tektur (beschließend)";beschließend vorgesehen;0;;
2025-11-26;Bau- und Umweltausschuss;3;Bauleitplanung;kein beschließender TOP-Titel;0;;
2025-11-26;Bau- und Umweltausschuss;3.1;Abwägungs- und Satzungsbeschluss zur 1. Änderung der Außenbereichssatzung Osterdorf (beschließend);beschließend vorgesehen;0;;
2025-11-26;Bau- und Umweltausschuss;3.2;"Abwägungs- und Satzungsbeschluss über die Einbeziehungssatzung ""Salmas Nord"" (beschließend)";beschließend vorgesehen;0;;
2025-11-26;Bau- und Umweltausschuss;3.3;Information zur Aufhebung von (alten) Bebauungsplänen (informativ);kein beschließender TOP-Titel;0;;
2025-11-26;Bau- und Umweltausschuss;4;Sachstandsbericht zur innerörtlichen Bauleitplanung / Erhaltungssatzung zur Sicherung des örtlichen Einzelhandels (Gewerbe) (vorberatend);kein beschließender TOP-Titel;0;;
2025-11-26;Bau- und Umweltausschuss;5;"Gemeinde Balderschwang; 2. Erweiterung Bebauungsplan mit Grünordnung ""Wäldle"" und 7. Änderung Flächennutzungsplan (beschließend)";beschließend vorgesehen;0;;
2025-11-26;Bau- und Umweltausschuss;6;Genehmigung der letzten öffentlichen Sitzungsniederschrift (beschließend);beschließend vorgesehen;0;;
2025-11-26;Bau- und Umweltausschuss;7;Anfragen und Bekanntgaben (informativ);kein beschließender TOP-Titel;0;;
2025-11-13;Marktgemeinderat;1;Anträge zur Tagesordnung (beschließend);beschließend vorgesehen;1;;
2025-11-13;Marktgemeinderat;2;Neufassung Kurbeitragssatzung - Beschlussfassung (beschließend);beschließend vorgesehen;1;November 2025 Neufassung Kurbeitragssatzung Der Marktgemeinderat beschloss einstimmig die Neufassung der Kurbeitragssatzung. Diese tritt zum 1. Dezember 2025 in Kraft. Die Neufassung hängt an der Amtstafel vor dem Rathaus aus und ist auf unserer Internetseite www.;einstimmig
2025-11-13;Marktgemeinderat;3;"Antrag Pfarrgemeinde Maria Schnee Aach; Zuschuss Sanierung Kirche Aach - Beschlussfassung (beschließend)";beschließend vorgesehen;1;"Antrag Pfarrgemeinde Maria Schnee Aach; Zuschuss Sanierung Kirche Aach Mit Antrag vom 02.10.2025 beantragte die Pfarrgemeinde Maria Schnee in Aach einen Zuschuss für die Sanierung der Kirchendecke sowie d ie Beseitigung der statischen Mängel im Turm.";
2025-11-13;Marktgemeinderat;4;Erfrischungsgeld Wahlhelfer allgemeine Gemeinde- und Landkreiswahlen am 08.03.2026 - Beschlussfassung (beschließend);beschließend vorgesehen;1;Aus der Sitzung des Marktgemeinderates am 13. November 2025 Neufassung Kurbeitragssatzung Der Marktgemeinderat beschloss einstimmig die Neufassung der Kurbeitragssatzung. Diese tritt zum 1. Dezember 2025 in Kraft.;einstimmig
2025-11-13;Marktgemeinderat;5;Ersatzbeschaffung Persönlicher Schutzausrüstung (PSA) für die Feuerwehr Oberstaufen - Beschlussfassung (beschließend);beschließend vorgesehen;1;Ersatzbeschaffung Persönlicher Schutzausrüstung (PS A) für die Feuerwehr Oberstaufen Die Einsatzkleidung der Feuerwehr Oberstaufen ist in die Jahre gekommen und zeigt auch kein einheitliches Bild mehr. Der Marktgemeind erat beschloss deshalb auf Vorschlag der Feuerwehr und der Verwaltung einstimm ig die Beschaffung von 65 neuen Feuerwehranzügen für die Feuerwehr Oberstaufen mit einem Gesamtvolumen von 97.;
2025-11-13;Marktgemeinderat;6;Freibad Thalkirchdorf (beschließend);beschließend vorgesehen;1;;
2025-11-13;Marktgemeinderat;6.1;Auftragsvergabe Architektenleistung - informativ (informativ);kein beschließender TOP-Titel;1;;
2025-11-13;Marktgemeinderat;6.2;"Teilnahme am Bundesprogramm "" Sanierung kommunaler Sportstätten"" - Beschlussfassung";kein beschließender TOP-Titel;1;"Antrag Pfarrgemeinde Maria Schnee Aach; Zuschuss Sanierung Kirche Aach Mit Antrag vom 02.10.2025 beantragte die Pfarrgemeinde Maria Schnee in Aach einen Zuschuss für die Sanierung der Kirchendecke sowie d ie Beseitigung der statischen Mängel im Turm.";
2025-11-13;Marktgemeinderat;7;Kläranlage Oberstaufen: Auftragsvergabe Modernisierung Schaltschränke und Elektroverteilung - Beschlussfassung (beschließend);beschließend vorgesehen;1;;
2025-11-13;Marktgemeinderat;8;Kurhaus Oberstaufen: Vorstellung Standortanalyse - informativ (beschließend);beschließend vorgesehen;1;;
2025-11-13;Marktgemeinderat;9;Genehmigung der letzten öffentlichen Sitzungsniederschrift (beschließend);beschließend vorgesehen;1;;
2025-11-13;Marktgemeinderat;10;Anfragen und Bekanntgaben (informativ);kein beschließender TOP-Titel;1;;
2025-10-27;Schulverbandsversammlung;1;Anträge zur Tagesordnung (beschließend);beschließend vorgesehen;0;;
2025-10-27;Schulverbandsversammlung;2;Bekanntgabe der Jahresrechnung 2024  Beschlussfassung (beschließend);beschließend vorgesehen;0;;
2025-10-27;Schulverbandsversammlung;3;Rechtliche Würdigung Haushaltsatzung mit Haushaltsplan 2025 durch das Landratsamt Oberallgäu (Kommunalaufsicht) - informativ (informativ);kein beschließender TOP-Titel;0;;
2025-10-27;Schulverbandsversammlung;4;Haushaltsüberwachung Schulverband Oberstaufen 2025 | unterjähriges Berichtswesen - informativ (informativ);kein beschließender TOP-Titel;0;;
2025-10-27;Schulverbandsversammlung;5;Umstellung des Essenslieferanten der Schulmensa - Beschlussfassung;kein beschließender TOP-Titel;0;;
2025-10-27;Schulverbandsversammlung;6;Kitafino: Anpassung der Konditionen ab 08.2025 - Beschlussfassung (beschließend);beschließend vorgesehen;0;;
2025-10-27;Schulverbandsversammlung;7;Einführung einer betrieblichen Krankenversicherung für die Beschäftigten des Schulverbandes - Beschlussfassung (beschließend);beschließend vorgesehen;0;;
2025-10-27;Schulverbandsversammlung;8;Bauliche Erweiterung Mittagsbetreuung -Beschlussfassung- (beschließend);beschließend vorgesehen;0;;
2025-10-27;Schulverbandsversammlung;9;Genehmigung der letzten öffentlichen Sitzungsniederschrift;kein beschließender TOP-Titel;0;;
2025-10-27;Schulverbandsversammlung;10;Anfragen und Bekanntgaben (informativ);kein beschließender TOP-Titel;0;;
2025-10-22;Bau- und Umweltausschuss;1;Anträge zur Tagesordnung (beschließend);beschließend vorgesehen;0;;
2025-10-22;Bau- und Umweltausschuss;2;Bauanträge (beschließend);beschließend vorgesehen;0;;
2025-10-22;Bau- und Umweltausschuss;2.1;"Schellenbergstraße 4b, Fl.-Nr. 410/27 Gem. Oberstaufen; Anbau Garage (beschließend)";beschließend vorgesehen;0;;
2025-10-22;Bau- und Umweltausschuss;2.2;"Alpe Unteregg, Fl.-Nr. 1539/22 Gem. Aach; Teilabbruch und Wiederaufbau landwirtschaftliches Gebäude (beschließend)";beschließend vorgesehen;0;;
2025-10-22;Bau- und Umweltausschuss;2.3;"Sinswang, Fl.-Nr. 3762 Gem. Oberstaufen; Neubau eines Viehunterstands mit Rundballen- und Hackschnitzellager (beschließend)";beschließend vorgesehen;0;;
2025-10-22;Bau- und Umweltausschuss;2.4;"Paradiesweg 13, Fl.-Nr. 895/21 Gemarkung Oberstaufen; Sanierung und Anbau an ein Reihenhaus; 1. Tektur vom 12.10.2025 (beschließend)";beschließend vorgesehen;0;;
2025-10-22;Bau- und Umweltausschuss;3;Bauvoranfragen;kein beschließender TOP-Titel;0;;
2025-10-22;Bau- und Umweltausschuss;3.1;"Jugetweg 6, Fl.-Nrn. 87/7, 87/1 und 90/9 Gem. Oberstaufen; Abbruch des bestehenden Wohnhauses und Errichtung von zwei Mehrfamilienhäusern mit insgesamt 5 Wohneinheiten und Garagen (beschließend)";beschließend vorgesehen;0;;
2025-10-22;Bau- und Umweltausschuss;4;Auftragsvergaben (beschließend);beschließend vorgesehen;0;;
2025-10-22;Bau- und Umweltausschuss;5;Genehmigung der letzten öffentlichen Sitzungsniederschrift (beschließend);beschließend vorgesehen;0;;
2025-10-22;Bau- und Umweltausschuss;6;Anfragen und Bekanntgaben (informativ);kein beschließender TOP-Titel;0;;
2025-10-22;Bau- und Umweltausschuss;6.1;"Sachbericht zur Gesetzesnovelle ""Bau-Turbo"" (informativ)";kein beschließender TOP-Titel;0;;
2025-10-20;Tourismusausschuss;1;Anträge zur Tagesordnung;kein beschließender TOP-Titel;0;;
2025-10-20;Tourismusausschuss;2;Touristische Entwicklung 2025 (informativ);kein beschließender TOP-Titel;0;;
2025-10-20;Tourismusausschuss;3;Ersatzbeschaffung für ein Porterfahrzeug Beschlussfassung;kein beschließender TOP-Titel;0;;
2025-10-20;Tourismusausschuss;4;Genehmigung der letzten öffentlichen Sitzungsniederschrift (beschließend);beschließend vorgesehen;0;;
2025-10-20;Tourismusausschuss;5;Anfragen und Bekanntgaben;kein beschließender TOP-Titel;0;;
2025-10-09;Marktgemeinderat;2;Anträge zur Tagesordnung (beschließend);beschließend vorgesehen;1;;
2025-10-09;Marktgemeinderat;3;Oberstaufen Tourismus Marketing GmbH (OTM): Jahresabschluss 2024 - Beschlussfassung (beschließend);beschließend vorgesehen;1;;
2025-10-09;Marktgemeinderat;4;Aquaria Erlebnisbad-Betriebs GmbH: Jahresabschluss 2024 - Beschlussfassung (beschließend);beschließend vorgesehen;1;;
2025-10-09;Marktgemeinderat;5;Ortswärme Oberstaufen Verwaltungs GmbH: Feststellung des Jahresabschlusses 2024 mit Entlastung der Geschäftsführung - Beschlussfassung (beschließend);beschließend vorgesehen;1;;
2025-10-09;Marktgemeinderat;6;Ortswärme Oberstaufen GmbH & Co. KG (informativ);kein beschließender TOP-Titel;1;;
2025-10-09;Marktgemeinderat;6.1;Feststellung des Jahresabschlusses 2024 mit Entlastung der Geschäftsführung - Beschlussfassung (beschließend);beschließend vorgesehen;1;;
2025-10-09;Marktgemeinderat;6.2;Wirtschafts- und Finanzplan 2026 - Beschlussfassung (beschließend);beschließend vorgesehen;1;;
2025-10-09;Marktgemeinderat;6.3;Bestellung des Wirtschaftsprüfers - Beschlussfassung (beschließend);beschließend vorgesehen;1;;einstimmig
2025-10-09;Marktgemeinderat;6.4;Ermächtigung Gesellschafter Wirtschaftsplan - Beschlussfassung (beschließend);beschließend vorgesehen;1;;einstimmig
2025-10-09;Marktgemeinderat;7;Genehmigung der letzten öffentlichen Sitzungsniederschrift (beschließend);beschließend vorgesehen;1;;
2025-10-09;Marktgemeinderat;8;Anfragen und Bekanntgaben (informativ);kein beschließender TOP-Titel;1;;
2025-09-30;Haupt- und Finanzausschuss;1;Anträge zur Tagesordnung (beschließend);beschließend vorgesehen;0;;
2025-09-30;Haupt- und Finanzausschuss;2;Haushaltsüberwachung Markt Oberstaufen 2025 | unterjähriges Berichtswesen (informativ);kein beschließender TOP-Titel;0;;
2025-09-30;Haupt- und Finanzausschuss;3;Beschaffung einer Waschmaschine und eines Trockenautomats für die Feuerwehr Oberstaufen - Beschlussfassung (beschließend);beschließend vorgesehen;0;;
2025-09-30;Haupt- und Finanzausschuss;4;Glasfaserausbau nach Bayerischer Gigabit-Richtlinie, Rahmenvertragsangebot Ing.-Büro Ledermann - Beschlussfassung;kein beschließender TOP-Titel;0;;
2025-09-30;Haupt- und Finanzausschuss;5;Bücherei Oberstaufen, anteilige Kostenübernahme für Zeitschriften und Abonnements für die Jahre 2023 bis 2025 - Beschlussfassung;kein beschließender TOP-Titel;0;;
2025-09-30;Haupt- und Finanzausschuss;6;Genehmigung der letzten öffentlichen Sitzungsniederschrift (beschließend);beschließend vorgesehen;0;;
2025-09-30;Haupt- und Finanzausschuss;7;Anfragen und Bekanntgaben (informativ);kein beschließender TOP-Titel;0;;
2025-09-24;Bau- und Umweltausschuss;1;Anträge zur Tagesordnung (beschließend);beschließend vorgesehen;0;;
2025-09-24;Bau- und Umweltausschuss;2;Bauanträge (beschließend);beschließend vorgesehen;0;;
2025-09-24;Bau- und Umweltausschuss;2.1;"In der Au, Fl.-Nr. 733 Gem. Aach; Umbau und Erweiterung des bestehenden Lagergebäudes des Golfclubs (beschließend)";beschließend vorgesehen;0;;
2025-09-24;Bau- und Umweltausschuss;2.2;"Lindauer Straße 3, Fl.-Nr. 25 Gem. Oberstaufen; Umbau eines Wohn- und Geschäftshauses (beschließend)";beschließend vorgesehen;0;;
2025-09-24;Bau- und Umweltausschuss;2.3;"Bgm.-Wucherer-Str. 4, Fl.-Nr. 190/2 Gem. Oberstaufen; Umnutzung der Wohneinheit zu einer Ferienwohnung (beschließend)";beschließend vorgesehen;0;;
2025-09-24;Bau- und Umweltausschuss;2.4;"Hugo-v.-Königsegg-Str. 12, Fl.-Nrn 164/18 u.a. Gem. Oberstaufen; Anbau an das Geschäftsgebäude zur Erweiterung der gewerbl. Räumlichkeiten, Errichtung Bistro mit Terrasse und einer Wohneinheit sowie Errichtung Tiefgarage (BA 2-4) (beschließend)";beschließend vorgesehen;0;;
2025-09-24;Bau- und Umweltausschuss;2.5;"In der Au 6, Fl.-Nr. 723 Gem. Aach; Antrag auf Nutzungsänderung (Ferienwohnungsnutzung) (beschließend)";beschließend vorgesehen;0;;
2025-09-24;Bau- und Umweltausschuss;3;Bauvoranfragen;kein beschließender TOP-Titel;0;;
2025-09-24;Bau- und Umweltausschuss;3.1;"Buchenegg, Fl.-Nr. 2190/01 Gem. Oberstaufen; Bau einer Hackschnitzel- und Gerätehalle";kein beschließender TOP-Titel;0;;
2025-09-24;Bau- und Umweltausschuss;3.2;"Salzstraße 55a, Fl.-Nr. 668/4 Gem. Thalkirchdorf; Neubau einer Wohnung (beschließend)";beschließend vorgesehen;0;;
2025-09-24;Bau- und Umweltausschuss;3.3;"Salmas 25, Fl.-Nr. 1005/3; Gem. Thalkirchdorf Anbau an ein bestehendes Anwesen (Anfrage) (beschließend)";beschließend vorgesehen;0;;
2025-09-24;Bau- und Umweltausschuss;3.4;"Hugo-v.-Königsegg-Str. 10, Fl.-Nr. 164/7 Gem. Oberstaufen; Anbringung von Werbeanlagen (beschließend)";beschließend vorgesehen;0;;
2025-09-24;Bau- und Umweltausschuss;4;Auftragsvergaben (beschließend);beschließend vorgesehen;0;;
2025-09-24;Bau- und Umweltausschuss;4.1;Wasserversorgung, Ringschluss Vorderreute-Saneberg (beschließend);beschließend vorgesehen;0;;
2025-09-24;Bau- und Umweltausschuss;5;"Bauleitplanung; (informativ)";kein beschließender TOP-Titel;0;;
2025-09-24;Bau- und Umweltausschuss;5.1;"Billigungs- und Beteiligungsbeschluss zur 1. Änderung der Außenbereichssatzung ""Osterdorf"" (beschließend)";beschließend vorgesehen;0;;
2025-09-24;Bau- und Umweltausschuss;5.2;"Billigungs- und Beteiligungsbeschluss nach § 3 Abs. 2 BauGB zur Einbeziehungssatzung ""Salmas Nord"" (beschließend)";beschließend vorgesehen;0;;
2025-09-24;Bau- und Umweltausschuss;5.3;"Abwägungs- und Satzungsbeschluss zur Aufhebung des Bebauungsplanes ""Teilbaulinienplan Wiedemannsdorf"" (beschließend)";beschließend vorgesehen;0;;
2025-09-24;Bau- und Umweltausschuss;5.4;"Abwägungs- und Satzungsbeschluss zur Aufhebung des Bebauungsplanes ""Wiedemannsdorf Nr. 1"" (beschließend)";beschließend vorgesehen;0;;
2025-09-24;Bau- und Umweltausschuss;6;"Bauleitplanverfahren Nachbargemeinden; (informativ)";kein beschließender TOP-Titel;0;;
2025-09-24;Bau- und Umweltausschuss;6.1;"Gemeinde Balderschwang; Vorhabenbezogener Bebauungsplan ""Mehrfamilienhaus Meyer"" (beschließend)";beschließend vorgesehen;0;;
2025-09-24;Bau- und Umweltausschuss;6.2;"Gemeinde Balderschwang; 2. Erweiterung Bebauungsplan mit Grünordnung ""Wädle"" und 7. Änderung Flächennutzungsplan (beschließend)";beschließend vorgesehen;0;;
2025-09-24;Bau- und Umweltausschuss;6.3;"Gemeinde Stiefenhofen; Einbeziehungssatzung Balzhofen (beschließend)";beschließend vorgesehen;0;;
2025-09-24;Bau- und Umweltausschuss;7;Sturzflut Risikomanagement für Kirchdorf (beschließend);beschließend vorgesehen;0;;
2025-09-24;Bau- und Umweltausschuss;8;Genehmigung der letzten öffentlichen Sitzungsniederschrift (beschließend);beschließend vorgesehen;0;;
2025-09-24;Bau- und Umweltausschuss;9;Anfragen und Bekanntgaben (informativ);kein beschließender TOP-Titel;0;;
2025-09-24;Bau- und Umweltausschuss;9.1;"Mühlenstaße 26, Fl.-Nr. 504/2 Gem. Oberstaufen; Antrag auf Erlaubnis zur prüfpflichtigen Errichtung und dem Betrieb einer Dampfkesselanlage der Kategorie IV (informativ)";kein beschließender TOP-Titel;0;;
2025-09-17;Marktgemeinderat;1;Anträge zur Tagesordnung (beschließend);beschließend vorgesehen;1;;
2025-09-17;Marktgemeinderat;2;Einzelhandels- und Gastronomiekonzept, Vorstellung und Beschlussfassung (beschließend);beschließend vorgesehen;1;;
2025-09-17;Marktgemeinderat;3;Integriertes Verkehrs- und Parkraumkonzept, Vorstellung und Beschlussfassung (beschließend);beschließend vorgesehen;1;Integriertes Verkehrs- und Parkraumkonzept beschlossen Dieses Konzept wurde zeitlich parallel zum Einzelhandels- und Gastronomiekonzept erarbeitet und das Ergebnis konnte nun ebenfalls im Marktgemeinderat vorgestellt werden.;
2025-09-17;Marktgemeinderat;4;Bestellung eines Wahlleiters und dessen Stellvertreter zu den anstehenden allgemeinen Gemeinde- und Landkreiswahlen (Kommunalwahl) am 08.03.2026 - Beschlussfassung (beschließend);beschließend vorgesehen;1;Aus der Sitzung des Marktgemeinderates vom 17. September 2025 Einzelhandels- und Gastronomiekonzept beschlossen Den Marktgemeinderatsmitgliedern wurde das Einzelhandels- und Gastronomiekonzept vorgestellt. Dr.;
2025-09-17;Marktgemeinderat;5;Tourismus Eigenbetrieb Oberstaufen: Feststellung und Entlastung des kaufmännischen Jahresabschlusses 2020 / kamerale Jahresrechnung 2020 - Beschlussfassung (beschließend);beschließend vorgesehen;1;;
2025-09-17;Marktgemeinderat;6;Regiebetrieb Wasserwerk Oberstaufen: Steuerlicher Jahresabschluss 2021 - Beschlussfassung (beschließend);beschließend vorgesehen;1;;
2025-09-17;Marktgemeinderat;7;Erlass einer neuen Stellplatzsatzung - Beschlussfassung (beschließend);beschließend vorgesehen;1;Neuerlass der Stellplatzsatzung Auf Empfehlung des Bau- und Umweltausschusses hat der Marktgemeinderat einstimmig eine neue „Satzung zur Einführung einer Pflicht zum Nachweis von Stellplätzen für Kraftfahrzeuge (Stellplatzsatzung)“ beschlossen.;einstimmig
2025-09-17;Marktgemeinderat;8;Erlass einer neuen Richtlinie für die Vergabe von Wohnbaugrundstücken in gemeindeeigenen Baugebieten des Marktes Oberstaufen - Beschlussfassung (beschließend);beschließend vorgesehen;1;Das Konzept ist auf der Homepage des Marktes Oberstaufen bereitgestellt. Die Ergebnisse des Konzeptes sollen zudem in diesem Jahr noch bei einer Bürgerinformationsveranstaltung vorgestellt werden. Der Termin dafür wird noch bekannt gegeben.;
2025-09-17;Marktgemeinderat;9;Auftragsvergaben (beschließend);beschließend vorgesehen;1;;
2025-09-17;Marktgemeinderat;9.1;"Baugebiet ""Auf der Halde"": Vergabe der Bauleistungen für die Roherschließung - Beschlussfassung (beschließend)";beschließend vorgesehen;1;Neue Richtlinien für die Vergabe von Wohnbaugrundstücken in gemeindeeigenen Baugebieten beschlossen Im Bau- und Umweltausschuss wurden die neuen Vergaberichtlinien erarbeitet und nun dem Marktgemeinderat zum Beschluss empfohlen. Der Marktgemeinderat beschloss die vorgelegte Vergaberichtlinie mit der Änderung, dass der Erbbauzins auf 2,5 % abgeändert wird, dass das Grundstück nach vierzig Jahren über den Erbbauzins fi;
2025-09-17;Marktgemeinderat;9.2;Wasserversorgung Imberggebiet: Vergabe der Bauleistungen für den Rohrleitungsbau - Beschlussfassung (beschließend);beschließend vorgesehen;1;Neue Richtlinien für die Vergabe von Wohnbaugrundstücken in gemeindeeigenen Baugebieten beschlossen Im Bau- und Umweltausschuss wurden die neuen Vergaberichtlinien erarbeitet und nun dem Marktgemeinderat zum Beschluss empfohlen. Der Marktgemeinderat beschloss die vorgelegte Vergaberichtlinie mit der Änderung, dass der Erbbauzins auf 2,5 % abgeändert wird, dass das Grundstück nach vierzig Jahren über den Erbbauzins fi;
2025-09-17;Marktgemeinderat;9.3;Bauhof Oberstaufen: Ersatzbeschaffung für Radlader (OA-Q 4976) - Beschlussfassung (beschließend);beschließend vorgesehen;1;Ersatzbeschaffung eines Radladers für den Bauhof Oberstaufen Der vorhandene Radlader der Marke Atlas ist Baujahr 2017. Aufgrund einer neuen arbeitsrechtlichen Vorschrift darf der vorhandene Arbeitskorb so nicht mehr weiterbetrieben werden. Aktuell kann der Arbeitskorb nur über das Cockpit des Radladers bedient werden.;
2025-09-17;Marktgemeinderat;10;Neuerlass einer Satzung über die Erhebung von Verwaltungskosten im eigenen Wirkungskreis - Beschlussfassung;kein beschließender TOP-Titel;1;;
2025-09-17;Marktgemeinderat;11;Erlass einer Verordnug über das Offenhalten von Verkaufsstellen (verkaufsoffener Sonntag) - Beschlussfassung (beschließend);beschließend vorgesehen;1;;
2025-09-17;Marktgemeinderat;12;Genehmigung der letzten öffentlichen Sitzungsniederschrift (beschließend);beschließend vorgesehen;1;;
2025-09-17;Marktgemeinderat;13;Anfragen und Bekanntgaben (informativ);kein beschließender TOP-Titel;1;;
2025-07-30;Bau- und Umweltausschuss;1;Anträge zur Tagesordnung (beschließend);beschließend vorgesehen;0;;
2025-07-30;Bau- und Umweltausschuss;2;Bauanträge (beschließend);beschließend vorgesehen;0;;
2025-07-30;Bau- und Umweltausschuss;2.1;"Schloßstraße 30b, Fl.-Nr. 159 Gem. Oberstaufen; Nutzungsänderung von Wohnungen in Ferienwohnungen; 1. Tektur vom 20.05.2025 (beschließend)";beschließend vorgesehen;0;;
2025-07-30;Bau- und Umweltausschuss;2.2;"Zell 3, Fl.Nr. 3395, Gemarkung Oberstaufen; Abbruch und Neubau eines Wohnhauses mit 2 WE und Garage, Carport";kein beschließender TOP-Titel;0;;
2025-07-30;Bau- und Umweltausschuss;2.3;"Salmas 32, Fl.Nr. 1011/6, Gemarkung Thalkirchdorf; Neubau eines Einfamilienhauses mit Einliegerwohnung und Garage (beschließend)";beschließend vorgesehen;0;;
2025-07-30;Bau- und Umweltausschuss;2.4;Klosterstraße 8, Fl. Nr. 1661, Gemarkung Oberstaufen, Montessori-Schule Kalzhofen - Nutzungsänderung im 2. OG (beschließend);beschließend vorgesehen;0;;
2025-07-30;Bau- und Umweltausschuss;2.5;"Buchenegg 1; Fl. Nrn. 2171 und 2172 Gemarkung Oberstaufen; Erneuerung Tenne und Dach mit Wiederkehr und Gaupe - bisher 2 Wohneinheiten + 3 Ferienwohnungen, künftig 3 Wohneinheiten + 2 Ferienwohnungen (beschließend)";beschließend vorgesehen;0;;
2025-07-30;Bau- und Umweltausschuss;2.6;"Orthalde 2; Fl. Nrn, 1623, 1631 Gemarkung Oberstaufen; Errichtung Maschinenschuppen (beschließend)";beschließend vorgesehen;0;;
2025-07-30;Bau- und Umweltausschuss;2.7;Buchenegg, Fl.Nr. 2195/2, Gemarkung Oberstaufen Errichtung eines Infopoints an den Buchenegger Wasserfällen;kein beschließender TOP-Titel;0;;
2025-07-30;Bau- und Umweltausschuss;2.8;"Fl.-Nr. 941 Gem. Aach i. Allg.; Genehmigung der Skibar (beschließend)";beschließend vorgesehen;0;;
2025-07-30;Bau- und Umweltausschuss;3;Bauvoranfragen;kein beschließender TOP-Titel;0;;
2025-07-30;Bau- und Umweltausschuss;4;Auftragsvergaben (beschließend);beschließend vorgesehen;0;;
2025-07-30;Bau- und Umweltausschuss;4.1;Hochbehälter Hochsträß, Nachrüstung Be- und Entlüftung;kein beschließender TOP-Titel;0;;
2025-07-30;Bau- und Umweltausschuss;4.2;Wasserversorgung Aachrain, Nachrüstung UV-Anlage (beschließend);beschließend vorgesehen;0;;
2025-07-30;Bau- und Umweltausschuss;4.3;Kanalsanierung Eigenüberwachung 2025, Vergabe Nachtragsangebot (beschließend);beschließend vorgesehen;0;;
2025-07-30;Bau- und Umweltausschuss;4.4;Kommunale Wärmeplanung (beschließend);beschließend vorgesehen;0;;
2025-07-30;Bau- und Umweltausschuss;5;Wasserrechtsverfahren Abwasserentsorgung, neue Bescheide (informativ);kein beschließender TOP-Titel;0;;
2025-07-30;Bau- und Umweltausschuss;6;Beratung der neuen Stellplatzsatzung (vorberatend);kein beschließender TOP-Titel;0;;
2025-07-30;Bau- und Umweltausschuss;7;Genehmigung der letzten öffentlichen Sitzungsniederschrift (beschließend);beschließend vorgesehen;0;;
2025-07-30;Bau- und Umweltausschuss;8;Anfragen und Bekanntgaben (informativ);kein beschließender TOP-Titel;0;;
2025-07-21;Tourismusausschuss;1;Anträge zur Tagesordnung;kein beschließender TOP-Titel;0;;
2025-07-21;Tourismusausschuss;2;Genehmigung der letzten öffentlichen Sitzungsniederschrift;kein beschließender TOP-Titel;0;;
2025-07-21;Tourismusausschuss;3;Tourismusentwicklung - Zahlen, Daten, Fakten;kein beschließender TOP-Titel;0;;
2025-07-21;Tourismusausschuss;4;Wegesanierung am Alpweg Weissachtal im Bereich Hochgrat, Zuschussantrag, Beschlussfassung (beschließend);beschließend vorgesehen;0;;
2025-07-21;Tourismusausschuss;5;Aquaria Hier: Reparaturverglasung in der Lichtkuppel (beschließend);beschließend vorgesehen;0;;
2025-07-21;Tourismusausschuss;6;Anfragen und Bekanntgaben;kein beschließender TOP-Titel;0;;
2025-07-10;Marktgemeinderat;1;Anträge zur Tagesordnung (beschließend);beschließend vorgesehen;1;;
2025-07-10;Marktgemeinderat;2;Auftragsvergaben;kein beschließender TOP-Titel;1;;
2025-07-10;Marktgemeinderat;2.1;Förderung des ländlichen Raums im ELER-Verfahren: Straßenbau in Laufenegg, Döbelisried, Hinterreute, Vorderreute Tiefbauarbeiten - Beschlussfassung;kein beschließender TOP-Titel;1;Juli 2025 Förderung des ländlichen Raums im ELER-Verfahren: Straßenbau in Laufenegg, Döbelisried, Hinterreute und Vorderreute, Auftragsvergabe Der Marktgemeinderat beschloss, den Auftrag an die Fa.;
2025-07-10;Marktgemeinderat;2.2;Wasserversorgung Imberggebiet, Bau Hochbehälter - Beschlussfassung (beschließend);beschließend vorgesehen;1;Wasserversorgung Imberggebiet, Bau Hochbehälter Die Räte vergaben den Auftrag zum Bau eines Hochbeh älters (90 m³) am Imberg an den günstigsten Bieter, die Firma Hawle, Freilassin g, zu einer Angebotssumme von 198.;
2025-07-10;Marktgemeinderat;2.3;Wasserversorgung Sanierung Leitungsnetz - Beschlussfassung (beschließend);beschließend vorgesehen;1;Wasserversorgung Imberggebiet, Bau Hochbehälter Die Räte vergaben den Auftrag zum Bau eines Hochbeh älters (90 m³) am Imberg an den günstigsten Bieter, die Firma Hawle, Freilassin g, zu einer Angebotssumme von 198.;
2025-07-10;Marktgemeinderat;2.4;Regenüberlaufbecken Süd, Einbau eines Rechen - Beschlussfassung (beschließend);beschließend vorgesehen;1;Wasserversorgung Imberggebiet, Bau Hochbehälter Die Räte vergaben den Auftrag zum Bau eines Hochbeh älters (90 m³) am Imberg an den günstigsten Bieter, die Firma Hawle, Freilassin g, zu einer Angebotssumme von 198.273 Euro (netto). Die Firma Hawle hat bereits den Hochbehälter am Hündle errichtet.;
2025-07-10;Marktgemeinderat;2.5;Sanierung Fußgängerzone Schloßstr / Kirchplatz, Planung - Beschlussfassung (beschließend);beschließend vorgesehen;1;Wasserversorgung Sanierung Leitungsnetz Im Zuge einer öffentlichen Ausschreibung wurde die Sanierung des Leitungsnetzes in der Schellenbergstraße, Bauhofweg und Am Alten Weih er ausgeschrieben. Geplant ist die alten Leitungsabschnitte mit Grauguss Rohren – bei denen in den letzten Jahren vermehrt Rohrbrüche auftraten – durch Duktilen-Guss bzw.;
2025-07-10;Marktgemeinderat;3;Bauleitplanung;kein beschließender TOP-Titel;1;;
2025-07-10;Marktgemeinderat;3.1;"Billigungs- und Beteiligungsbeschluss zur Aufhebung des Bebauungsplanes ""Teilbaulinienplan Wiedemannsdorf"" (beschließend)";beschließend vorgesehen;1;Bauleitplanung, Aufhebung der Bebauungspläne „Teilb aulinienplan Wiedemannsdorf“ und „Wiedemannsdorf 1“ Diese Bebauungspläne sind relativ alt und die beinh alteten Gebiete mittlerweile bebaut. Die darin getroffenen Festsetzungen sind du rch die aktuellen baurechtlichen Regelungen und teilweise geänderte, zeitgemäße plan erische Vorstellungen stehen diesen beiden Bebauungsplänen entgegen, so dass der Marktgemeinderat ;
2025-07-10;Marktgemeinderat;3.2;"Billigungs- und Beteiligungsbeschluss zur Aufhebung des Bebauungsplanes ""Wiedemannsdorf 1"" (beschließend)";beschließend vorgesehen;1;Bauleitplanung, Aufhebung der Bebauungspläne „Teilb aulinienplan Wiedemannsdorf“ und „Wiedemannsdorf 1“ Diese Bebauungspläne sind relativ alt und die beinh alteten Gebiete mittlerweile bebaut. Die darin getroffenen Festsetzungen sind du rch die aktuellen baurechtlichen Regelungen und teilweise geänderte, zeitgemäße plan erische Vorstellungen stehen diesen beiden Bebauungsplänen entgegen, so dass der Marktgemeinderat ;
2025-07-10;Marktgemeinderat;4;Tourismus Eigenbetrieb Oberstaufen;kein beschließender TOP-Titel;1;Tourismus Eigenbetrieb Oberstaufen (TEO): Bekanntma chung des kaufmännischen Jahresabschlusses 2020 Dem Marktgemeinderat wurden gemäß den einschlägigen Vorschriften der Gemeindeordnung - GO (Art. 88 Abs. 4 Satz 1 und Art . 102 Abs. 2) jeweils das Ergebnis der kameralen Jahresrechnung 2020 sowie da s des kaufmännischen Jahresabschlusses 2020 des TEO bekannt gegeben.;
2025-07-10;Marktgemeinderat;4.1;Tourismus Eigenbetrieb Oberstaufen (TEO): Bekanntmachung des kaufmännischen Jahresabschlusses 2020 / kamerale Jahresrechnung 2020 - Beschlussfassung (beschließend);beschließend vorgesehen;1;Tourismus Eigenbetrieb Oberstaufen (TEO): Bekanntma chung des kaufmännischen Jahresabschlusses 2020 Dem Marktgemeinderat wurden gemäß den einschlägigen Vorschriften der Gemeindeordnung - GO (Art. 88 Abs. 4 Satz 1 und Art . 102 Abs. 2) jeweils das Ergebnis der kameralen Jahresrechnung 2020 sowie da s des kaufmännischen Jahresabschlusses 2020 des TEO bekannt gegeben.;
2025-07-10;Marktgemeinderat;4.2;Tourismus Eigenbetrieb Oberstaufen (TEO) Beschaffung Wanderwegepflegegerät - Beschlussfassung (beschließend);beschließend vorgesehen;1;Tourismus Eigenbetrieb Oberstaufen (TEO): Bekanntma chung des kaufmännischen Jahresabschlusses 2020 Dem Marktgemeinderat wurden gemäß den einschlägigen Vorschriften der Gemeindeordnung - GO (Art. 88 Abs. 4 Satz 1 und Art . 102 Abs. 2) jeweils das Ergebnis der kameralen Jahresrechnung 2020 sowie da s des kaufmännischen Jahresabschlusses 2020 des TEO bekannt gegeben.;
2025-07-10;Marktgemeinderat;5;Durchführung der Veranstaltung „Winterzauber 2025/26“ am Standort Marienplatz Oberstaufen - Beschlussfassung (beschließend);beschließend vorgesehen;1;Juli 2025 Förderung des ländlichen Raums im ELER-Verfahren: Straßenbau in Laufenegg, Döbelisried, Hinterreute und Vorderreute, Auftragsvergabe Der Marktgemeinderat beschloss, den Auftrag an die Fa.;
2025-07-10;Marktgemeinderat;6;Unterstützung des Montessori-Kindergartens, Änderung der Defizitvereinbarung - Beschlussfassung (beschließend);beschließend vorgesehen;1;die staatliche Förderung von Kindertageseinrichtungen in Bayern und soll im kommenden Jahr reformiert werden. Daher wird den Gemeinden se itens des Bayerischen Gemeindetages aktuell davon abgeraten, langfristige Vereinbarungen mit Betreibern von Kindertageseinrichtungen zur anteiligen Übernahme von Defiziten zu treffen.;
2025-07-10;Marktgemeinderat;7;Änderung der Kurbeitragssatzung - Beschlussfassung;kein beschließender TOP-Titel;1;Änderung der Kurbeitragssatzung Der Bayerische Verwaltungsgerichtshof hatte im Rahm en eines Normenkontrollverfahrens über die Kurbeitragssatzun g des Markt Oberstaufen entschieden. Dabei kam er zu dem Ergebnis, dass die se Satzung zwar nicht wie beantragt insgesamt nichtig sei, es jedoch für die in § 3a Abs. 1 S. 1 der Satzung geregelte Pflicht zur Ausstellung einer elektronisc hen Gästekarte durch den Beherbergungs;
2025-07-10;Marktgemeinderat;8;Genehmigung der letzten öffentlichen Sitzungsniederschrift (beschließend);beschließend vorgesehen;1;Wasserversorgung Sanierung Leitungsnetz Im Zuge einer öffentlichen Ausschreibung wurde die Sanierung des Leitungsnetzes in der Schellenbergstraße, Bauhofweg und Am Alten Weih er ausgeschrieben. Geplant ist die alten Leitungsabschnitte mit Grauguss Rohren – bei denen in den letzten Jahren vermehrt Rohrbrüche auftraten – durch Duktilen-Guss bzw.;
2025-07-10;Marktgemeinderat;9;Anfragen und Bekanntgaben (informativ);kein beschließender TOP-Titel;1;;
2025-07-10;Marktgemeinderat;9.1;ehem. Krankenhaus, Nutzung der Praxisräume;kein beschließender TOP-Titel;1;Über Regelarmaturen wird d ort das anfallende Mischwasser bewirtschaftet. Eine gewisse Menge wird ständig in Richtung Kläranlage abgeleitet. Bei Regenereignissen erfolgt eine Rückh altung im dort befindlichen Rückhaltebecken.;
2025-06-25;Bau- und Umweltausschuss;1;Anträge zur Tagesordnung (beschließend);beschließend vorgesehen;0;;
2025-06-25;Bau- und Umweltausschuss;2;Bauanträge (beschließend);beschließend vorgesehen;0;;
2025-06-25;Bau- und Umweltausschuss;2.1;"""Im Holzschlag"", Fl.-Nr. 1447/10 Gem. Aach i. Allg.; Umbau an der Imbergbahn Bergstation mit Anbau eines öfftl. WCs, mit Lagerraum u. eines Aufenthaltsraumes f. Bedienstete sowie Überdachung im Ausstiegsbereich (beschließend)";beschließend vorgesehen;0;;
2025-06-25;Bau- und Umweltausschuss;2.2;"Rainwaldstraße 4, Fl.-Nr. 215/10 Gem. Oberstaufen; Umbau, Sanierung und Erweiterung des bestehenden Wohn- und Geschäftshauses mit 6 Ferienwohnungen und dem bestehenden Schnellimbiss (beschließend)";beschließend vorgesehen;0;;
2025-06-25;Bau- und Umweltausschuss;2.3;"Bahnhofstraße 6, Fl.-Nr. 101/2 Gem. Oberstaufen; Einbau von 2 Wohnungen im Bereich des vorhandenen Ladens 1 im OG (Verkleinerung der Ladenfläche, jetzt 7 anstelle von 5 Wohnungen) sowie Anbau von Balkonen auf der Süd- und Nordseite (beschließend)";beschließend vorgesehen;0;;
2025-06-25;Bau- und Umweltausschuss;2.4;"St.-Rochus-Weg 16, Fl.-Nr. 852 Gem. Aach i. Allg.; Sanierung und Umbau eines Bauernhauses (beschließend)";beschließend vorgesehen;0;;
2025-06-25;Bau- und Umweltausschuss;2.5;"Am Hungerbach 8, Fl.-Nr. 717/1 Gem. Thalkirchdorf; Umbau und Erweiterung des best. Wohnhauses mit Garage und vier Stellplätzen (beschließend)";beschließend vorgesehen;0;;
2025-06-25;Bau- und Umweltausschuss;2.6;"Meerau 34, Fl.-Nrn. 1737, 1738, 1741, 1741/1 und 1741/2 Gem. Oberstaufen; Teilabbruch, Umbau und Erweiterung des bestehenden Landhauses - hier: Planänderung (beschließend)";beschließend vorgesehen;0;;
2025-06-25;Bau- und Umweltausschuss;2.7;"Fl.-Nrn. 507 und 507/2 Gemarkung Thalkirchdorf; Ersatzbau einer Viehschutzhütte (am gleichen Standort) (beschließend)";beschließend vorgesehen;0;;
2025-06-25;Bau- und Umweltausschuss;2.8;"Dr.-Hermann-Brosig-Weg 1, Fl.-Nr. 165/4 Gem. Oberstaufen; Umnutzung einer bestehenden Arztpraxis in 2 Wohnungen (beschließend)";beschließend vorgesehen;0;;
2025-06-25;Bau- und Umweltausschuss;3;Bauvoranfragen;kein beschließender TOP-Titel;0;;
2025-06-25;Bau- und Umweltausschuss;3.1;"Willis 8, Fl.-Nrn. 684 Gem. Oberstaufen; Diverse Planänderungen im Geltungsbereich des vorhabenbezogenen Bebauungsplanes ""Hotel Bergkristall"" (beschließend)";beschließend vorgesehen;0;;
2025-06-25;Bau- und Umweltausschuss;3.2;"Osterdorf 10, Fl.-Nrn. 299, 298 Gem. Thalk; Sanierung Bauernhaus Einbau v. ca. 5 Wohnungen i. d. Alte Tenne unter Beachtung d. best. Ensembleschutzes u. Teilunterkellerung d. Gebäudes u. Neubau eins Wohnhauses m. 6 WE u. offener Garage unter d. Gebäude (beschließend)";beschließend vorgesehen;0;;
2025-06-25;Bau- und Umweltausschuss;4;Auftragsvergaben (beschließend);beschließend vorgesehen;0;;
2025-06-25;Bau- und Umweltausschuss;4.1;Vergabe Neuverschindelung Dach Kapelle Buchenegg (beschließend);beschließend vorgesehen;0;;
2025-06-25;Bau- und Umweltausschuss;5;"Vollzug BayStrWG; Fußweg von Mutten nach Zell (Blatt 20 Ob) - Einziehung";kein beschließender TOP-Titel;0;;
2025-06-25;Bau- und Umweltausschuss;6;Eisenbahnunterführung Bahn-km 103,117 Brücke im Moos;kein beschließender TOP-Titel;0;;
2025-06-25;Bau- und Umweltausschuss;7;"Stadt Immenstadt; Beteiligung zum Verfahren nach § 125 BauGB für die Verlegung der Seestraße im Ortsteil Bühl (informativ)";kein beschließender TOP-Titel;0;;
2025-06-25;Bau- und Umweltausschuss;8;"Gemeinde Missen-Wilhams; Bebauungsplan mit Grünordnung ""Gewerbegebiet Lußwiesen"" (beschließend)";beschließend vorgesehen;0;;
2025-06-25;Bau- und Umweltausschuss;9;"Gemeinde Stiefenhofen; Vorhabenbezogener Bebauungsplan ""Gewerbehalle Harbatshofen"" (beschließend)";beschließend vorgesehen;0;;
2025-06-25;Bau- und Umweltausschuss;10;Genehmigung der letzten öffentlichen Sitzungsniederschrift (beschließend);beschließend vorgesehen;0;;
2025-06-25;Bau- und Umweltausschuss;11;Anfragen und Bekanntgaben (informativ);kein beschließender TOP-Titel;0;;
2025-05-27;Haupt- und Finanzausschuss;1;Anträge zur Tagesordnung (beschließend);beschließend vorgesehen;0;;
2025-05-27;Haupt- und Finanzausschuss;2;Haushaltsüberwachung Markt Oberstaufen 2025 | unterjähriges Berichtswesen - informativ (informativ);kein beschließender TOP-Titel;0;;
2025-05-27;Haupt- und Finanzausschuss;3;Kommunale Verkehrsüberwachung, Wechsel des Dienstleisters Geschwindigkeitsüberwachung - Beschlussfassung;kein beschließender TOP-Titel;0;;
2025-05-27;Haupt- und Finanzausschuss;4;Mitteilungsblatt - künftige Erscheinungshäufigkeit und Art der Verteilung - Beschlussfassung (beschließend);beschließend vorgesehen;0;;
2025-05-27;Haupt- und Finanzausschuss;5;Anfrage bezüglich Taubenproblematik - informativ (informativ);kein beschließender TOP-Titel;0;;
2025-05-27;Haupt- und Finanzausschuss;6;Genehmigung der letzten öffentlichen Sitzungsniederschrift (beschließend);beschließend vorgesehen;0;;
2025-05-27;Haupt- und Finanzausschuss;7;Anfragen und Bekanntgaben (informativ);kein beschließender TOP-Titel;0;;
2025-05-14;Bau- und Umweltausschuss;1;Anträge zur Tagesordnung (beschließend);beschließend vorgesehen;0;;
2025-05-14;Bau- und Umweltausschuss;2;Bauanträge (beschließend);beschließend vorgesehen;0;;
2025-05-14;Bau- und Umweltausschuss;2.1;"Lanzenbach 1, Fl.-Nr. 615/2 Gem. Aach i. Allg; Neubau einer Garage (beschließend)";beschließend vorgesehen;0;;
2025-05-14;Bau- und Umweltausschuss;2.2;"Konstanzer 21, Fl.-Nr. 468/8 Gem. Thalkirchdorf; Nutzungsänderung einer Wohnung (WHG 03) zu einer gewerblichen Ferienwohnung (beschließend)";beschließend vorgesehen;0;;
2025-05-14;Bau- und Umweltausschuss;2.3;"Birkenweg 1, Fl.-Nr. 364/5 Gem. Oberstaufen; Bestehende Lagerhalle An-/Umbau zu einer Autowerkstatt (beschließend)";beschließend vorgesehen;0;;
2025-05-14;Bau- und Umweltausschuss;2.4;"Hochbühlstraße 8, Fl.-Nr.326/13, 326/21 Gem. Oberstaufen; Anbau an das bestehende Wohnhaus (beschließend)";beschließend vorgesehen;0;;
2025-05-14;Bau- und Umweltausschuss;2.5;"Burgangerweg 7, Fl.-Nr. 721/2 Gem. Thalkirchdorf; Neubau eines Mehrfamilienhauses mit 6 Wohneinheiten (beschließend)";beschließend vorgesehen;0;;
2025-05-14;Bau- und Umweltausschuss;2.6;"Argenstraße 7, Fl.-Nr. 410/9 Gem. Oberstaufen; Umnutzung der Kellerräume zu einer Wohnung (beschließend)";beschließend vorgesehen;0;;
2025-05-14;Bau- und Umweltausschuss;3;Bauvoranfragen;kein beschließender TOP-Titel;0;;
2025-05-14;Bau- und Umweltausschuss;3.1;"Buflings 3, Fl. Nrn. 3292, 3291 Gem. Oberstaufen; Ersatzneubau des Landhauses und teilweise Hotelerweiterung (beschließend)";beschließend vorgesehen;0;;
2025-05-14;Bau- und Umweltausschuss;3.2;"Osterdorf 10, Fl.-Nr. 298 und 299 Gem. Thalkirchdorf; Sanierung und Ausbau des best. Gebäudes sowie Neubau eines Wohnhauses (hier nur Außen-Ortstermin nach Sitzungsende) (vorberatend)";kein beschließender TOP-Titel;0;;
2025-05-14;Bau- und Umweltausschuss;4;Auftragsvergaben (beschließend);beschließend vorgesehen;0;;
2025-05-14;Bau- und Umweltausschuss;4.1;Erneuerung/Erweiterung des Gasspeicher auf der Kläranlage, hier: Ing. Leistungen (beschließend);beschließend vorgesehen;0;;
2025-05-14;Bau- und Umweltausschuss;4.2;Umbau Druckluftspülung und Armaturen im Abwasserpumpwerk Eibele (beschließend);beschließend vorgesehen;0;;
2025-05-14;Bau- und Umweltausschuss;4.3;Kauf KFZ- Fahrzeuge für Bauhof und Klärwerk (beschließend);beschließend vorgesehen;0;;
2025-05-14;Bau- und Umweltausschuss;5;"Vollzug des BayStrWG; (informativ)";kein beschließender TOP-Titel;0;;
2025-05-14;Bau- und Umweltausschuss;5.1;Fußweg von Sinswang nach Buflings - Einziehung;kein beschließender TOP-Titel;0;;
2025-05-14;Bau- und Umweltausschuss;5.2;Straße im Gewerbegebiet Wengen - Widmung zur Ortsstraße (beschließend);beschließend vorgesehen;0;;
2025-05-14;Bau- und Umweltausschuss;5.3;Umstufung von Gemeindestraßen (Art. 7 BayStrWG): Alte B 308 - Salzstraße - von Konstanzer bis Einmündung Knechtenhofen (beschließend);beschließend vorgesehen;0;;
2025-05-14;Bau- und Umweltausschuss;5.4;Gemeindeverbindungsstraße Krebs - Eibelesmühle (Blatt 8 Ob) und Ortsstraße Eibelesmühle (Blatt 89 Ob) - Umstufung (beschließend);beschließend vorgesehen;0;;
2025-05-14;Bau- und Umweltausschuss;6;"Einbeziehungssatzung ""Salmas Nord"" - Sachstandsbericht zur aktuellen Planung des Bauvorhabens (informativ)";kein beschließender TOP-Titel;0;;
2025-05-14;Bau- und Umweltausschuss;7;Sachstand zur Stellplatz- und Spielplatzsatzung nach BayBO - Vorstellung der Satzungsmuster vom Bayerischen Gemeindetag (informativ);kein beschließender TOP-Titel;0;;
2025-05-14;Bau- und Umweltausschuss;8;"Stadt Immenstadt; 14. Änderung des Flächennutzungsplanes in 8 Bereichen (beschließend)";beschließend vorgesehen;0;;
2025-05-14;Bau- und Umweltausschuss;9;Genehmigung der letzten öffentlichen Sitzungsniederschrift (beschließend);beschließend vorgesehen;0;;
2025-05-14;Bau- und Umweltausschuss;10;Anfragen und Bekanntgaben (informativ);kein beschließender TOP-Titel;0;;
2025-05-08;Marktgemeinderat;1;Anträge zur Tagesordnung (beschließend);beschließend vorgesehen;1;;
2025-05-08;Marktgemeinderat;2;Jahresrechnung 2023 des Marktes Oberstaufen (beschließend);beschließend vorgesehen;1;Jahresrechnung 2023 des Marktes Oberstaufen Der Marktgemeinderat stellte die Jahresrechnung 202 3 (Art. 102 GO) mit folgendem Ergebnis fest: Die Rücklagen betragen zum 31.12.2023 7.912.620,88 Euro , eine Darlehensaufnahme ist nicht erfolgt.;
2025-05-08;Marktgemeinderat;2.1;Bericht des Rechnungsprüfungsausschussvorsitzenden - informativ (beschließend);beschließend vorgesehen;1;;
2025-05-08;Marktgemeinderat;2.2;Feststellung und Entlastung - Beschlussfassung (beschließend);beschließend vorgesehen;1;;
2025-05-08;Marktgemeinderat;3;Bekanntmachung der Jahresrechnung 2024 des Marktes Oberstaufen - Beschlussfassung (beschließend);beschließend vorgesehen;1;Jahresrechnung 2023 des Marktes Oberstaufen Der Marktgemeinderat stellte die Jahresrechnung 202 3 (Art. 102 GO) mit folgendem Ergebnis fest: Die Rücklagen betragen zum 31.12.2023 7.912.620,88 Euro , eine Darlehensaufnahme ist nicht erfolgt.;
2025-05-08;Marktgemeinderat;4;Ortsrecht (beschließend);beschließend vorgesehen;1;;
2025-05-08;Marktgemeinderat;4.1;Änderung der Friedhofs- und Bestattungssatzung - Beschlussfassung (beschließend);beschließend vorgesehen;1;;
2025-05-08;Marktgemeinderat;4.2;Neuerlass der Gebührensatzung für den Kindergarten Thalkirchdorf und Naturkindergarten - Beschlussfassung (beschließend);beschließend vorgesehen;1;Des Weiteren wurde einstimmig die „Satzung des Mark tes Oberstaufen über die Erhebung von Gebühren für die Benutzung des Kinderg artens Thalkirchdorf mit Naturkindergarten (Kindergarten-Gebührensatzung)“ b eschlossen. Ab 01.09.2025 gelten damit die folgend dargestellten Gebühren: Kindergarten bisherige Gebühr Erhöhung ab 01.09.2025 3-4 Stunden 122,00 € 129,00 € 4-5 Stunden 134,00 € 141,00 € 5-6 Stunden 147,00 € 155,0;einstimmig
2025-05-08;Marktgemeinderat;4.3;"Sanierungssatzung; hier: Einführung einer Befristung - Beschlussfassung (beschließend)";beschließend vorgesehen;1;Des Weiteren wurde einstimmig die „Satzung des Mark tes Oberstaufen über die Erhebung von Gebühren für die Benutzung des Kinderg artens Thalkirchdorf mit Naturkindergarten (Kindergarten-Gebührensatzung)“ b eschlossen.;einstimmig
2025-05-08;Marktgemeinderat;5;Sanierung Freibad Thalkirchdorf: Zuschussantrag, Bauantrag, Ausschreibung Architekt - Beschlussfassung (beschließend);beschließend vorgesehen;1;Des Weiteren wurde einstimmig die „Satzung des Mark tes Oberstaufen über die Erhebung von Gebühren für die Benutzung des Kinderg artens Thalkirchdorf mit Naturkindergarten (Kindergarten-Gebührensatzung)“ b eschlossen. Ab 01.09.2025 gelten damit die folgend dargestellten Gebühren: Kindergarten bisherige Gebühr Erhöhung ab 01.09.2025 3-4 Stunden 122,00 € 129,00 € 4-5 Stunden 134,00 € 141,00 € 5-6 Stunden 147,00 € 155,0;einstimmig
2025-05-08;Marktgemeinderat;6;"Umbau ehem. Krankenhaus; Vergabe der Architektenleistung - Beschlussfassung (beschließend)";beschließend vorgesehen;1;;
2025-05-08;Marktgemeinderat;7;Auftragsvergaben Tourismus Eigenbetrieb Oberstaufen (TEO);kein beschließender TOP-Titel;1;Die kaufmännischen Jahresabschlüsse 2023 für den Re giebetrieb Wasserwerk Oberstaufen und den Tourismus Eigenbetrieb Oberstaufen (TEO) liegen noch nicht vor. Der Rechnungsprüfungsausschuss (Art. 103 GO) stellt e durch Stichproben die ordnungsgemäße Jahresrechnung 2023 (Art. 102 Abs. 3 GO) im Rahmen der örtlichen Rechnungsprüfung fest.;
2025-05-08;Marktgemeinderat;7.1;TEO, Aquaria - Erneuerung Gebäudeleittechnik - Beschlussfassung (beschließend);beschließend vorgesehen;1;Auftragsvergaben Tourismus Eigenbetrieb Oberstaufen (TEO) TEO, Aquaria – Erneuerung Gebäudeleittechnik Wie auch in den vergangenen Jahren, soll heuer die Gebäudeleittechnik in bestimmten Bereichen erneuert werden, um den Betrieb weiter aufrecht zu erhalten. Hierzu wurde ein Angebot der Firma Hörbürger aus Wa ltenhofen eingeholt, welche auch die bisherigen Anlagen saniert hat. Es sollen die folgenden Regelungen bzw.;
2025-05-08;Marktgemeinderat;7.2;TEO, Aquaria - Überholung Sauna - Beschlussfassung (beschließend);beschließend vorgesehen;1;Auftragsvergaben Tourismus Eigenbetrieb Oberstaufen (TEO) TEO, Aquaria – Erneuerung Gebäudeleittechnik Wie auch in den vergangenen Jahren, soll heuer die Gebäudeleittechnik in bestimmten Bereichen erneuert werden, um den Betrieb weiter aufrecht zu erhalten. Hierzu wurde ein Angebot der Firma Hörbürger aus Wa ltenhofen eingeholt, welche auch die bisherigen Anlagen saniert hat. Es sollen die folgenden Regelungen bzw.;
2025-05-08;Marktgemeinderat;8;Aquaria Erlebnisbad-Betriebs GmbH: Errichtung einer Flachdach PV-Anlage - Beschlussfassung (beschließend);beschließend vorgesehen;1;Auftragsvergaben Tourismus Eigenbetrieb Oberstaufen (TEO) TEO, Aquaria – Erneuerung Gebäudeleittechnik Wie auch in den vergangenen Jahren, soll heuer die Gebäudeleittechnik in bestimmten Bereichen erneuert werden, um den Betrieb weiter aufrecht zu erhalten. Hierzu wurde ein Angebot der Firma Hörbürger aus Wa ltenhofen eingeholt, welche auch die bisherigen Anlagen saniert hat. Es sollen die folgenden Regelungen bzw.;
2025-05-08;Marktgemeinderat;9;Förderung des ländlichen Raums im ELER-Verfahren: Wegebau in Döbelisried, Laufenegg, Hinterreute, Vorderreute - Beschlussfassung;kein beschließender TOP-Titel;1;Es sollen dabei die Förderungen „Sonderprogramm Schwimmbad-Sanierung“ sowie „Holzbauförderung (CO² Einsparung) beantragt werden. Sonderprogramm Schwimmbadsanierung: Anrechenbare Kosten aus der Kostenberechnung bzw. maximale förderfähige Kosten: 6.608.260,00 Euro. Die maximale Förderobergrenze beträgt 50% Förderung und ergibt ca.;
2025-05-08;Marktgemeinderat;10;"Änderung der Außenbereichssatzung Osterdorf; Regelung der Wohnungsanzahl - Beschlussfassung (beschließend)";beschließend vorgesehen;1;;
2025-05-08;Marktgemeinderat;11;Genehmigung der letzten öffentlichen Sitzungsniederschrift (beschließend);beschließend vorgesehen;1;;
2025-05-08;Marktgemeinderat;12;Anfragen und Bekanntgaben (informativ);kein beschließender TOP-Titel;1;;
2025-04-10;Marktgemeinderat;2;Anträge zur Tagesordnung (beschließend);beschließend vorgesehen;0;;
2025-04-10;Marktgemeinderat;3;Bestellung eines neuen Vertreters des Marktes Oberstaufen für den Stiftungsrat der Leprosenstiftung - Beschlussfassung (beschließend);beschließend vorgesehen;0;;
2025-04-10;Marktgemeinderat;4;Erlass einer Verordnung über das Offenhalten von Verkaufsstellen (verkaufsoffener Sonntag) - Beschlussfassung (beschließend);beschließend vorgesehen;0;;
2025-04-10;Marktgemeinderat;5;Sanierungsmaßnahmen Klärwerk: Zuschussantrag - Beschlussfassung (beschließend);beschließend vorgesehen;0;;
2025-04-10;Marktgemeinderat;6;Auftragsvergaben (beschließend);beschließend vorgesehen;0;;
2025-04-10;Marktgemeinderat;6.1;"Baugebiet ""Auf der Halde"", BAIII; Ingenieurleistungen - Beschlussfassung (beschließend)";beschließend vorgesehen;0;;
2025-04-10;Marktgemeinderat;6.2;Straßensanierungen 2025 - Beschlussfassung (beschließend);beschließend vorgesehen;0;;
2025-04-10;Marktgemeinderat;6.3;Oberflächenbehandlung von Straßen im Gemeindegebiet - Beschlussfassung (beschließend);beschließend vorgesehen;0;;
2025-04-10;Marktgemeinderat;7;Genehmigung der letzten öffentlichen Sitzungsniederschrift (beschließend);beschließend vorgesehen;0;;
2025-04-10;Marktgemeinderat;8;Anfragen und Bekanntgaben (informativ);kein beschließender TOP-Titel;0;;
2025-04-02;Bau- und Umweltausschuss;1;Anträge zur Tagesordnung (beschließend);beschließend vorgesehen;0;;
2025-04-02;Bau- und Umweltausschuss;2;Bauanträge (beschließend);beschließend vorgesehen;0;;
2025-04-02;Bau- und Umweltausschuss;2.1;"Sinswang 12, Fl.-Nr. 3767, Gem. Oberstaufen; Neubau eines Carports mit zwei Pkw-Stellplätzen als Ersatz für nicht realisierten Carport gem. BPl.-Nr. 0810/16 T mit zusätzlicher Abstellfläche für Traktor & Maschinen (beschließend)";beschließend vorgesehen;0;;
2025-04-02;Bau- und Umweltausschuss;2.2;"Im Dorf 25, Fl.-Nrn 804, 804/7 Gemarkung Aach; Einbau 3 Schleppgauben und 2 Wiederkehren; Einbau gewerblicher Wohnungen und Pächterwohnung (beschließend)";beschließend vorgesehen;0;;
2025-04-02;Bau- und Umweltausschuss;2.3;"Wengen 42, Fl.-Nr. 2044/21 Gem. Oberstaufen; Neubau einer Lagerhalle (beschließend)";beschließend vorgesehen;0;;
2025-04-02;Bau- und Umweltausschuss;2.4;"Wengen 44, Fl.-Nr. 1189/20 und 2044/21 Gemarkung Thalkirchdorf/Oberstaufen; Neubau eines Bürogebäudes mit einer Betriebsleiterwohnung und einer Wohnung für den Geschäftsführer sowie eines Carports (beschließend)";beschließend vorgesehen;0;;
2025-04-02;Bau- und Umweltausschuss;2.5;"Kirchdorfer Straße 31a, Fl. Nr. 98 Gem. Thalkirchdorf; Neubau Austragshaus (beschließend)";beschließend vorgesehen;0;;
2025-04-02;Bau- und Umweltausschuss;2.6;"Meerau 40, Fl.-Nr. 1741 Gem. Oberstaufen; Anbau Garage an den vorhandenen Bauernhof (beschließend)";beschließend vorgesehen;0;;
2025-04-02;Bau- und Umweltausschuss;2.7;"Am Steinbruch 11, Fl.-Nr. 505/3 Gem. Oberstaufen; Werkstattanbau (beschließend)";beschließend vorgesehen;0;;
2025-04-02;Bau- und Umweltausschuss;3;Bauvoranfragen;kein beschließender TOP-Titel;0;;
2025-04-02;Bau- und Umweltausschuss;3.1;"Hochsträß, Kalzhofen, Fl.-Nr. 1653/3 Gem. Oberstaufen; Erstellung zweier Doppelhaushälften mit jeweils zwei Wohnungen und einer Einliegerwohnung (beschließend)";beschließend vorgesehen;0;;
2025-04-02;Bau- und Umweltausschuss;3.2;"Hinterreute 8, Fl.-Nr. 1289/1 Gem. Oberstaufen; Umnutzung des bestehenden landw. Gebäudes zu Wohnzwecken; Einbau von drei Wohneinheiten (beschließend)";beschließend vorgesehen;0;;
2025-04-02;Bau- und Umweltausschuss;3.3;"Salzstraße 47, Fl.-Nr. 665 Gem. Thalkirchdorf; Dachgeschossumbau mit Gauben (beschließend)";beschließend vorgesehen;0;;
2025-04-02;Bau- und Umweltausschuss;3.4;"Osterdorf 10, Fl.-Nrn. 298 und 299 Gem. Thalkirchdorf; Sanierung und Ausbau des best. Gebäudes sowie Neubau eines Wohnhauses (beschließend)";beschließend vorgesehen;0;;
2025-04-02;Bau- und Umweltausschuss;4;Auftragsvergaben (beschließend);beschließend vorgesehen;0;;
2025-04-02;Bau- und Umweltausschuss;4.1;Pflasterarbeiten Festsaal Thalkirchdorf (informativ);kein beschließender TOP-Titel;0;;
2025-04-02;Bau- und Umweltausschuss;5;"Vollzug des BayStrWG; (informativ)";kein beschließender TOP-Titel;0;;
2025-04-02;Bau- und Umweltausschuss;5.1;Fußweg von Sinswang Hs.Nr. 4 nach Genhofen Hs.Nr.8 (jetzt 35) - Blatt 15 Ob - Einziehung;kein beschließender TOP-Titel;0;;
2025-04-02;Bau- und Umweltausschuss;5.2;Fußweg von Sinswang Hs.Nr. 5 nach Saneberg - Einziehung (beschließend);beschließend vorgesehen;0;;
2025-04-02;Bau- und Umweltausschuss;5.3;Fußweg von Genhofen nach Sinswang - Einziehung;kein beschließender TOP-Titel;0;;
2025-04-02;Bau- und Umweltausschuss;6;"Stadt Immenstadt; Vorhabenbezogener Bebauungsplan ""Otto-Keck-Straße"" (beschließend)";beschließend vorgesehen;0;;
2025-04-02;Bau- und Umweltausschuss;7;"Gemeinde Oberreute; 2. Änderung des Bebauungsplanes ""Feuerwehr, Bauhof und Bolzplatz"" (beschließend)";beschließend vorgesehen;0;;
2025-04-02;Bau- und Umweltausschuss;8;Genehmigung der letzten öffentlichen Sitzungsniederschrift (beschließend);beschließend vorgesehen;0;;
2025-04-02;Bau- und Umweltausschuss;9;Anfragen und Bekanntgaben (informativ);kein beschließender TOP-Titel;0;;
2025-04-02;Bau- und Umweltausschuss;9.1;"Lindauer Straße 16, Fl.-Nr. 43 Gem. Oberstaufen; Umbau u. Sanierung des ""Henne Hauses"" (denkmalgeschütztes Bauernhaus) zu einer Gastwirtschaft, einem Café u. einer Betriebsleiterwohnung; hier: Tektur: Erweiterung Küche als Anbau (informativ)";kein beschließender TOP-Titel;0;;
2025-04-02;Bau- und Umweltausschuss;9.2;"Hugo-von-Königsegg-Str. 12, Fl.-Nr. 164/6, Gem. Oberstaufen; Errichtung eines Wohn- und Geschäftshauses (beschließend)";beschließend vorgesehen;0;;
2025-04-02;Bau- und Umweltausschuss;9.3;"Mohr Alpe, Fl. Nrn 1867, 1879 Gemarkung Oberstaufen; Bauvorhaben (informativ)";kein beschließender TOP-Titel;0;;
2025-03-12;Marktgemeinderat;1;Anträge zur Tagesordnung (beschließend);beschließend vorgesehen;1;;
2025-03-12;Marktgemeinderat;2;Aquaria Erlebnisbad-Betriebs GmbH, Wirtschaftsplan 2025 - Beschlussfassung (beschließend);beschließend vorgesehen;1;März 2025 Aquaria Erlebnisbad-Betriebs GmbH: Wirtschaftsplan 2025 Für den Wirtschafts-, Finanz- und Stellenplan ist e in Gesellschafterbeschluss nach Grundlage des §9 Gesellschaftervertrag vom 08.;
2025-03-12;Marktgemeinderat;3;Oberstaufen Tourismus Marketing GmbH, Wirtschaftsplan 2025 - Beschlussfassung (beschließend);beschließend vorgesehen;1;März 2025 Aquaria Erlebnisbad-Betriebs GmbH: Wirtschaftsplan 2025 Für den Wirtschafts-, Finanz- und Stellenplan ist e in Gesellschafterbeschluss nach Grundlage des §9 Gesellschaftervertrag vom 08.;
2025-03-12;Marktgemeinderat;4;Tourismus Eigenbetrieb Oberstaufen, Wirtschaftsplan 2025 - Beschlussfassung (beschließend);beschließend vorgesehen;1;März 2025 Aquaria Erlebnisbad-Betriebs GmbH: Wirtschaftsplan 2025 Für den Wirtschafts-, Finanz- und Stellenplan ist e in Gesellschafterbeschluss nach Grundlage des §9 Gesellschaftervertrag vom 08.;
2025-03-12;Marktgemeinderat;5;Genehmigung Haushaltsplan mit Haushaltssatzung 2025 samt Anlagen - Beschlussfassung (beschließend);beschließend vorgesehen;1;März 2025 Aquaria Erlebnisbad-Betriebs GmbH: Wirtschaftsplan 2025 Für den Wirtschafts-, Finanz- und Stellenplan ist e in Gesellschafterbeschluss nach Grundlage des §9 Gesellschaftervertrag vom 08.;
2025-03-12;Marktgemeinderat;6;Antrag auf Erhöhung des bereits genehmigten Investitionszuschusses und Zwischenfinanzierung für den Trachten- und Heimatvereins Steibis e. V. für Brandschutzsanierung Festhalle Steibis - Beschlussfassung (beschließend);beschließend vorgesehen;1;Der Wirtschaftsplan für das Jahr 2025 wurde bereits in der Februar Sitzung des Aquaria-Aufsichtsrates beraten und der Gesellschaft erversammlung in der vorgelegten Form zum Beschluss empfohlen. Prokurist Steffen Schmitt legte den anwesenden Marktgemeinderatsmitgliedern den Wirtsch aftsplan 2025 vor.;
2025-03-12;Marktgemeinderat;7;Auftragsvergabe Sanierung Wasserversorgung Eibele, BAIII (beschließend);beschließend vorgesehen;1;für Brandschutzsanierung der Festhalle in Steibis In der Sitzung des Marktgemeinderates vom eptember 2024 wurde der Antrag des Trachten- und Heimatverein Steibis e. V. über einen Investitionszuschuss für die Brandschutzmaßnahmen der Festhalle Steibis behandel t und ein maximaler Investitionszuschuss in Höhe von 110.;
2025-03-12;Marktgemeinderat;8;Genehmigung der letzten öffentlichen Sitzungsniederschrift (beschließend);beschließend vorgesehen;1;Genehmigung Haushaltsplan mit Haushaltssatzung 2025 samt Anlagen In zwei Sitzungen des Haupt- und Finanzausschusses, einer Sitzung des Tourismusausschusses und in internen Vorgesprächen wurde der Haushalt 2025 mit Anlagen vorberaten und dem Marktgemeinderat zur Beschlussfassung empfohlen.;
2025-03-12;Marktgemeinderat;9;Anfragen und Bekanntgaben (informativ);kein beschließender TOP-Titel;1;;
2025-02-26;Bau- und Umweltausschuss;1;Anträge zur Tagesordnung (beschließend);beschließend vorgesehen;0;;
2025-02-26;Bau- und Umweltausschuss;2;Bauanträge (beschließend);beschließend vorgesehen;0;;
2025-02-26;Bau- und Umweltausschuss;2.1;"Lindauer Str. 9, Fl.-Nr. 118/26 Gem. Oberstaufen; Umbau des best. Wohnhauses mit 5 WE und 2 Büroeinheiten etc.; hier: 1. Tektur: zusätzlicher Balkon auf der Nordseite, Änderung der Dachgauben und Änderung der Gebäudeklasse (beschließend)";beschließend vorgesehen;0;;
2025-02-26;Bau- und Umweltausschuss;2.2;"Lindauer Straße 26+28, Fl.-Nr. 41 Gem. Oberstaufen; Anbau eines Aufzuges an ein bestehendes Wohn- und Geschäftshaus (beschließend)";beschließend vorgesehen;0;;
2025-02-26;Bau- und Umweltausschuss;2.3;"Am Steinbruch 23, Fl.-Nr. 523/18 Gem. Oberstaufen; Nutzungsänderung Wohnung (Einliegerwohnung) zu gewerblicher Ferienwohnung (beschließend)";beschließend vorgesehen;0;;
2025-02-26;Bau- und Umweltausschuss;2.4;"Fluhstraße 26, Fl.-Nr. 927/2 Gem. Aach i. Allg; An- u. Umbau d. ehem. ""Homberger Hütte"" mit diversen Maßnahmen; hier: 1. Tektur (beschließend)";beschließend vorgesehen;0;;
2025-02-26;Bau- und Umweltausschuss;2.5;"Salmas 46, Fl.-Nr. 1001/3 Gem. Thalkirchdorf; Errichtung eines Reisemobilstellplatzes für 3 Fahrzeuge (beschließend)";beschließend vorgesehen;0;;
2025-02-26;Bau- und Umweltausschuss;2.6;"Hugo-von-Königsegg-Straße 12, Fl.-Nr. 164/6, 164/18 Gem. Oberstaufen; Abbruch des Bestandsgebäudes und Neuerrichtung eines Geschäftshauses (beschließend)";beschließend vorgesehen;0;;
2025-02-26;Bau- und Umweltausschuss;2.7;"Konstanzer 17, Fl.-Nr. 473 Gem. Thalkirchdorf; Anbau an Traktor- und Maschinenhalle (beschließend)";beschließend vorgesehen;0;;
2025-02-26;Bau- und Umweltausschuss;2.8;"Otto-Keck-Straße 5, Fl.-Nr. 369/38 Gem. Oberstaufen; Nutzungsänderung Wohnung zu gewerblich genutzter Ferienwohnung (beschließend)";beschließend vorgesehen;0;;
2025-02-26;Bau- und Umweltausschuss;2.9;"Stießberg 7, Fl.-Nr. 714/3 Gem. Oberstaufen; Abbruch bestehendes Wohnhaus und Neubau Mehrfamilienhaus mit 2 Mietwohnungen und einer Ferienwohnung; hier: Tektur (beschließend)";beschließend vorgesehen;0;;
2025-02-26;Bau- und Umweltausschuss;2.10;"Falkenhütte, Fl.-Nr. 1429 Gem. Aach i. Allg.; Erweiterung des bestehenden Gewerbebetriebes um ein Whiskey Lager (beschließend)";beschließend vorgesehen;0;;
2025-02-26;Bau- und Umweltausschuss;3;Bauvoranfragen;kein beschließender TOP-Titel;0;;
2025-02-26;Bau- und Umweltausschuss;3.1;"Lindauer Straße 26, Fl.-Nr. 41 Gem. Oberstaufen; (Teil-)nutzungsänderung Cafe´ zu 1 Wohnung (informativ)";kein beschließender TOP-Titel;0;;
2025-02-26;Bau- und Umweltausschuss;3.2;"Meerau, Fl.-Nr. 1669/2 Gem. Oberstaufen; Errichtung eines Einfamilienhauses (beschließend)";beschließend vorgesehen;0;;
2025-02-26;Bau- und Umweltausschuss;4;"Gemeinde Balderschwang; Vorhabenbezogener Bebauungsplan ""Bio-Hotel Ifenblick"" sowie 6. Änderung des Flächennutzungsplanes im Bereich des vorhabenbezogenen Bebauungsplanes ""Bio-Hotel Ifenblick"" (beschließend)";beschließend vorgesehen;0;;
2025-02-26;Bau- und Umweltausschuss;5;Antrag auf Erweiterung der Ortsabrundungssatzung Thalkirchdorf Süd (vorberatend);kein beschließender TOP-Titel;0;;
2025-02-26;Bau- und Umweltausschuss;6;Auftragsvergaben (beschließend);beschließend vorgesehen;0;;
2025-02-26;Bau- und Umweltausschuss;6.1;Kläranlage Lieferung von Fällmittel (beschließend);beschließend vorgesehen;0;;
2025-02-26;Bau- und Umweltausschuss;7;"BayStrWG; Einziehung eines öffentlichen Feld- und Waldweges (Blatt 75 Ob) - Von Willis Haus Nr. 10 zum landw. Anwesen Willis Haus Nr. 7 (beschließend)";beschließend vorgesehen;0;;
2025-02-26;Bau- und Umweltausschuss;8;Pflastersanierung Kirchplatz / Schloßstraße Hier: Jurybesetzung Beschlussfassung (beschließend);beschließend vorgesehen;0;;
2025-02-26;Bau- und Umweltausschuss;9;Freibad Thalkirchdorf Vorstellung Energiekonzept Beschlußfassung;kein beschließender TOP-Titel;0;;
2025-02-26;Bau- und Umweltausschuss;10;Genehmigung der letzten öffentlichen Sitzungsniederschrift (beschließend);beschließend vorgesehen;0;;
2025-02-26;Bau- und Umweltausschuss;11;Anfragen und Bekanntgaben (informativ);kein beschließender TOP-Titel;0;;
2025-02-24;Tourismusausschuss;1;Anträge zur Tagesordnung;kein beschließender TOP-Titel;0;;
2025-02-24;Tourismusausschuss;2;Genehmigung der letzten öffentlichen Sitzungsniederschrift (beschließend);beschließend vorgesehen;0;;
2025-02-24;Tourismusausschuss;3;Wirtschaftsplan Tourismus Eigenbetrieb Oberstaufen 2025 - Vorberatung (vorberatend);kein beschließender TOP-Titel;0;;
2025-02-24;Tourismusausschuss;4;Verpflichtungsermächtigung für den Wirtschaftsplan TEO 2026 - Beschlussfassung (beschließend);beschließend vorgesehen;0;;
2025-02-24;Tourismusausschuss;5;Anfragen und Bekanntgaben;kein beschließender TOP-Titel;0;;
2025-02-13;Marktgemeinderat;1;Anträge zur Tagesordnung (beschließend);beschließend vorgesehen;1;;
2025-02-13;Marktgemeinderat;2;"Beschaffung eines Löschgruppenfahrzeuges 20 für die Feuerwehr Steibis; Auftragsvergabe - Beschlussfassung (beschließend)";beschließend vorgesehen;1;"Februar 2025 Beschaffung eines Löschgruppenfahrzeuges 20 für die Feuerwehr Steibis; Auftragsvergabe In der Sitzung des Marktgemeinderates am 14. Novemb er 2024 wurde die Beauftragung der Verwaltung zum Start des Ausschrei bungsverfahrens zur Ersatzbeschaffung eines Löschgruppenfahrzeuges 20 ( LF 20) für die freiwillige Feuerwehr Steibis beschlossen.";
2025-02-13;Marktgemeinderat;3;Bestellung von Frau V. S. zur Standesbeamtin und Ernennung zur stellvertretenden Standesamtsleiterin - Beschlussfassung (beschließend);beschließend vorgesehen;1;;
2025-02-13;Marktgemeinderat;4;Neufassung der Wochenmarktgebührensatzung - Beschlussfassung (beschließend);beschließend vorgesehen;1;Neufassung der Wochenmarktgebührensatzung Die Wochenmarktgebührensatzung soll neu erlassen we rden, die bisherigen Regelungen werden dabei zur Klarstellung der Abrech nungsbedingungen erweitert. Die Abrechnung erfolgt jährlich zum 30.;
2025-02-13;Marktgemeinderat;5;Öffentlicher Verkehr im Landkreis Oberallgäu, Mobilitätskonzept mobil365 - Beschlussfassung (beschließend);beschließend vorgesehen;1;Abzüglich der Förderungen der Regierung von Schwaben, dem Landkreis Oberallgäu und dem freiwilligen Anteil des Feuerwehrvereins St eibis beträgt der Eigenanteil des Marktes ca. 413.000,00 Euro. Die voraussichtliche Produktionsdauer des Fahrzeuges beträgt 28 Monate ab Auftragsvergabe.;
2025-02-13;Marktgemeinderat;6;Vorstellung Bauvorhaben Hugo-von-Königsegg-Straße 12: Abbruch und Neubau - Beschlussfassung (beschließend);beschließend vorgesehen;1;Vorstellung Bauvorhaben Hugo-von-Königsegg-Straße 12: Abbruch und Neubau Das Gebäude in der Hugo-von-Königsegg-Straße 12 soll durch einen Neubau ersetzt werden. Es soll hierbei eine gemeinsame Tiefgarage mit dem Anwesen Hugo-von- Königsegg-Straße 10 entstehen. Das Gebäude liegt au ßerhalb der aktuellen Erhaltungssatzung, weshalb hier lediglich das sog.;
2025-02-13;Marktgemeinderat;7;Bauleitplanung (beschließend);beschließend vorgesehen;1;;
2025-02-13;Marktgemeinderat;7.1;"Aufhebung des Bebauungsplanes ""Teilbaulinie Wiedemannsdorf"" - Beschlussfassung (beschließend)";beschließend vorgesehen;1;1“ In der Bau- und Umweltausschusssitzung vom 27. November 2024 wurde erneut aus der Mitte der Ausschussmitglieder die Notwendigkeit der Aufhebung von Teilbaulinienplan und Bebauungsplan angemerkt. Die Teilbaulinie Wiedemannsdorf wurde mit Bescheid des Landratsamtes Oberallgäu vom 28.;
2025-02-13;Marktgemeinderat;7.2;"Aufhebung ""Bebauungsplan Wiedemannsdorf Nr. 1"" - Beschlussfassung (beschließend)";beschließend vorgesehen;1;1“ In der Bau- und Umweltausschusssitzung vom 27. November 2024 wurde erneut aus der Mitte der Ausschussmitglieder die Notwendigkeit der Aufhebung von Teilbaulinienplan und Bebauungsplan angemerkt. Die Teilbaulinie Wiedemannsdorf wurde mit Bescheid des Landratsamtes Oberallgäu vom 28.;
2025-02-13;Marktgemeinderat;8;Beteiligungsverfahren zum Entwurf zur Fortschreibung des Teilfachkapitels B IV 3.2 Nutzung der Windenergie des Regionalplans der Region Allgäu - Beschlussfassung (beschließend);beschließend vorgesehen;1;2 Nutzung der Windenergie des Regionalplans der Region Allgäu In der Sitzung des Bau- und Umweltausschusses wurde bereits darüber beraten, ob das Vorranggebiet für Windenergienutzung auf der Gemeindeflur im Bereich „Hündle“ verbleiben soll.;
2025-02-13;Marktgemeinderat;9;Renaturierung Konstanzer Ach (beschließend);beschließend vorgesehen;1;Mai 2 023 wurde beschlossen, die Renaturierung Konstanzer-Ach im 1. Bauabschnitt umz usetzen und hierzu die erforderlichen Genehmigungen einzuholen und die Zus chussanträge zu stellen. Mit Datum vom 5. Dezember 2024 wurde vom Landratsamt Ob erallgäu der Wasserrechtsbescheid für die Gewässerrenaturierung Konstanzer Ach erlassen.;
2025-02-13;Marktgemeinderat;9.1;Wasserrecht und Zuschuss - Beschlussfassung (beschließend);beschließend vorgesehen;1;Bauabschnitt umz usetzen und hierzu die erforderlichen Genehmigungen einzuholen und die Zus chussanträge zu stellen. Mit Datum vom 5. Dezember 2024 wurde vom Landratsamt Ob erallgäu der Wasserrechtsbescheid für die Gewässerrenaturierung Konstanzer Ach erlassen.;
2025-02-13;Marktgemeinderat;9.2;Auftragsvergabe - Beschlussfassung (beschließend);beschließend vorgesehen;1;;
2025-02-13;Marktgemeinderat;10;"Erweiterung Rathaus; Vorstellung der Planungen für das Treppenhaus - Beschlussfassung (beschließend)";beschließend vorgesehen;1;;
2025-02-13;Marktgemeinderat;11;Genehmigung der letzten öffentlichen Sitzungsniederschrift (beschließend);beschließend vorgesehen;1;;
2025-02-13;Marktgemeinderat;12;Anfragen und Bekanntgaben (informativ);kein beschließender TOP-Titel;1;;
2025-02-11;Haupt- und Finanzausschuss;1;Vermögenshaushalt Markt Oberstaufen 2025 mit Finanzplanung - Vorberatung (vorberatend);kein beschließender TOP-Titel;0;;
2025-02-11;Haupt- und Finanzausschuss;2;Zuschussantrag Heimatverein Thalkirchdorf wegen Sanierungsmaßnahmen Huimatle - Beschlussfassung (beschließend);beschließend vorgesehen;0;;
2025-02-11;Haupt- und Finanzausschuss;3;Genehmigung der letzten öffentlichen Sitzungsniederschrift (beschließend);beschließend vorgesehen;0;;
2025-02-11;Haupt- und Finanzausschuss;4;Anfragen und Bekanntgaben (informativ);kein beschließender TOP-Titel;0;;
2025-02-04;Haupt- und Finanzausschuss;1;Anträge zur Tagesordnung (beschließend);beschließend vorgesehen;0;;
2025-02-04;Haupt- und Finanzausschuss;2;Verwaltungshaushalt Markt Oberstaufen 2025 mit Finanzplanung - Vorberatung (vorberatend);kein beschließender TOP-Titel;0;;
2025-02-04;Haupt- und Finanzausschuss;3;Personalmanagement Software, Auftragsvergabe - Beschlussfassung;kein beschließender TOP-Titel;0;;
2025-02-04;Haupt- und Finanzausschuss;4;Genehmigung der letzten öffentlichen Sitzungsniederschrift (beschließend);beschließend vorgesehen;0;;
2025-02-04;Haupt- und Finanzausschuss;5;Anfragen und Bekanntgaben (informativ);kein beschließender TOP-Titel;0;;
2025-01-15;Bau- und Umweltausschuss;1;Anträge zur Tagesordnung (beschließend);beschließend vorgesehen;0;;
2025-01-15;Bau- und Umweltausschuss;2;Bauanträge (beschließend);beschließend vorgesehen;0;;
2025-01-15;Bau- und Umweltausschuss;2.1;"Schloßstraße 16, Fl.-Nr. 12, Gemarkung Oberstaufen; Umnutzung einer Ladeneinheit im EG zur Wohnung (beschließend)";beschließend vorgesehen;0;;
2025-01-15;Bau- und Umweltausschuss;2.2;"Am Hößl, Fl.-Nr. 774/5, Gemarkung Aach im Allgäu; Anbau an ein bestehendes Carport zur Unterbringung von Maschinen (beschließend)";beschließend vorgesehen;0;;
2025-01-15;Bau- und Umweltausschuss;2.3;"Schellenbergstraße 6, Fl.-Nr. 410/10, Gemarkung Oberstaufen; Anbau an das bestehende Gebäude - Errichtung von Dachgauben - Abriss der bestehenden Garage und Neuerrichtung von Garagen (beschließend)";beschließend vorgesehen;0;;
2025-01-15;Bau- und Umweltausschuss;2.4;"Konstanzer 55, Fl.-Nr. 278/21, Gemarkung Thalkirchdorf; Nutzungsänderung von Eigentumswohnung zu Ferienwohnung (neu: Wohnungsnr. 5) (beschließend)";beschließend vorgesehen;0;;
2025-01-15;Bau- und Umweltausschuss;3;Auftragsvergaben (beschließend);beschließend vorgesehen;0;;
2025-01-15;Bau- und Umweltausschuss;4;"Änderung der Bayerischen Bauordnung (BayBO) - Beispiel: Nutzungsänderung ""Ferienwohnungen"" (informativ)";kein beschließender TOP-Titel;0;;
2025-01-15;Bau- und Umweltausschuss;5;Beteiligungsverfahren zum Entwurf zur Fortschreibung des Teilfachkapitels B IV 3.2 Nutzung der Windenergie des Regionalplans der Region Allgäu (vorberatend);kein beschließender TOP-Titel;0;;
2025-01-15;Bau- und Umweltausschuss;6;"Erweiterung Rathaus; Sachstand Planung (informativ)";kein beschließender TOP-Titel;0;;
2025-01-15;Bau- und Umweltausschuss;7;Genehmigung der letzten öffentlichen Sitzungsniederschrift (beschließend);beschließend vorgesehen;0;;
2025-01-15;Bau- und Umweltausschuss;8;Anfragen und Bekanntgaben (informativ);kein beschließender TOP-Titel;0;;
2025-01-15;Bau- und Umweltausschuss;8.1;"Gemeinde Blaichach; 7. Änderung des Bebauungsplanes ""Blaichach-Nord Gewerbegebiet"" inkl. Teilaufhebung im Bereich Fl.-Nr. 57/4, Gem. Blaichach (beschließend)";beschließend vorgesehen;0;;
2025-01-15;Bau- und Umweltausschuss;8.2;"Gemeinde Stiefenhofen; Außenbereichssatzung ""Unterthalhofen"" (beschließend)";beschließend vorgesehen;0;;
2024-12-12;Marktgemeinderat;1;Anträge zur Tagesordnung (beschließend);beschließend vorgesehen;1;;
2024-12-12;Marktgemeinderat;2;Ortsrecht (beschließend);beschließend vorgesehen;1;;
2024-12-12;Marktgemeinderat;2.1;Festsetzung der Grundsteuerhebesätze (Hebesatzsatzung) - Beschlussfassung (beschließend);beschließend vorgesehen;1;Dezember 2024 Festsetzung der Grundsteuerhebesätze (Hebesatzung) Nach dem Urteil des Bundesverfassungsgerichtes zur Verfassungswidrigkeit der bisherigen Bemessungsgrundlage zur Berechnung der G rundsteuer müssen die Kommunen nunmehr mit Wirkung zum 01.;
2024-12-12;Marktgemeinderat;2.2;"Beitrags- und Gebührensatzung zur Wasserabgabesatzung - Globalkalkulation; Änderung des Beitragssatzes; Erhöhung - Beschlussfassung (beschließend)";beschließend vorgesehen;1;;
2024-12-12;Marktgemeinderat;2.3;"Beitrags- und Gebührensatzung zur Entwässerungssatzung - Globalkalkulation; Änderung des Beitragssatzes; Erhöhung - Beschlussfassung (beschließend)";beschließend vorgesehen;1;;
2024-12-12;Marktgemeinderat;2.4;Neufassung der Friedhofs- und Bestattungssatzung - Beschlussfassung (beschließend);beschließend vorgesehen;1;2025 mit gleichbleibenden Hebesätzen (Grundsteuer A 320%-Punkte, Grundsteuer B 420%-Punkte) Neufassung der Friedhofs- und Bestattungssatzung Der Marktgemeinderat beschloss einstimmig die Neufa ssung der Satzung über die öffentliche Bestattungseinrichtung (Friedhofs- und Bestattungssatzung).;einstimmig
2024-12-12;Marktgemeinderat;2.5;Erlass einer Verordnung über das Offenhalten von Verkaufsstellen (verkaufsoffener Sonntag) - Beschlussfassung (beschließend);beschließend vorgesehen;1;Vor dem Hintergrund, dass zurzeit eine genaue Entwi cklung der Grundsteueraufkommen in Grundsteuer A und B für 202 5 nicht abschätzbar sind, schlug die Finanzverwaltung vor, die Hebesätze für das Jahr 2025 gleichbleibend zu belassen und für das Jahr 2026 nach Einpflege aller Schätzungen, Korrekturen und Neuanlagen im Dezember 2025 neu über die Hebesätze zu beraten. Der Marktgemeinderat beschloss einstimmig die Satzun;einstimmig
2024-12-12;Marktgemeinderat;3;Bestätigung des stv. Kommandanten der Feuerwehr Oberstaufen - Beschlussfassung (beschließend);beschließend vorgesehen;1;Bestätigung des stellvertretenden Kommandanten der Feuerwehr Oberstaufen Bei der Kommandantenwahl am 9. Dezember 2024 im Feu erwehrhaus Oberstaufen wurde Hans-Peter Geisenhof zum stellvertretenden Ko mmandanten gewählt.;
2024-12-12;Marktgemeinderat;4;Zuschusszahlung Heimatdienst - Beschlussfassung (beschließend);beschließend vorgesehen;1;Zuschusszahlung Heimatdienst Der Heimatdienst Oberstaufen ist derzeit beschäftig t mit der Aufstellung des so genannten Kohlerhauses. Der Wohnteil wurde bereits in fachmännischer Arbeit aufgerichtet. Der hintere Tennenteil soll im neuen Jahr fertiggestellt werden.;
2024-12-12;Marktgemeinderat;5;"Bauleitplanung; Aufstellungsbeschluss zur 1. Änderung des Bebauungsplanes ""Auf der Halde"" in Wiedemannsdorf - Beschlussfassung (beschließend)";beschließend vorgesehen;1;Bauleitplanung: Aufstellungsbeschluss zur 1. Änderu ng des Bebauungsplanes „Auf der Halde“ in Wiedemannsdorf Mit der Marktgemeinderatssitzung vom 14.11.2024 wur de die Neuüberplanung eines Teilbereiches des Bebauungsplanes „Auf der Halde“ ( hier: nordöstlicher Teil) beschlossen.;
2024-12-12;Marktgemeinderat;6;Auftragsvergabe für Dienstleistungen und Pflege der Friedhofsanlage (Friedhofswärter) - Beschlussfassung (beschließend);beschließend vorgesehen;1;Vor dem Hintergrund, dass zurzeit eine genaue Entwi cklung der Grundsteueraufkommen in Grundsteuer A und B für 202 5 nicht abschätzbar sind, schlug die Finanzverwaltung vor, die Hebesätze für das Jahr 2025 gleichbleibend zu belassen und für das Jahr 2026 nach Einpflege aller Schätzungen, Korrekturen und Neuanlagen im Dezember 2025 neu über die Hebesätze zu beraten. Der Marktgemeinderat beschloss einstimmig die Satzun;einstimmig
2024-12-12;Marktgemeinderat;7;"Kommunales Unternehmensrecht Art. 61 Abs. 2 Satz 2 GO; Überprüfung der Privatisierungsklausel - Beschlussfassung";kein beschließender TOP-Titel;1;Dezember 2024 Festsetzung der Grundsteuerhebesätze (Hebesatzung) Nach dem Urteil des Bundesverfassungsgerichtes zur Verfassungswidrigkeit der bisherigen Bemessungsgrundlage zur Berechnung der G rundsteuer müssen die Kommunen nunmehr mit Wirkung zum 01.;
2024-12-12;Marktgemeinderat;8;Genehmigung Zulegungsvertrag Alfred und Erna Marie Matthes Stiftung - Beschlussfassung (beschließend);beschließend vorgesehen;1;- Übernahme von Pflegearbeiten an den Grünanlagen, Asphaltarbeiten, Bankettarbeiten und Straßensanierungen durch private Dritte - Übernahme von Winterdienstarbeiten durch private Dritte - Auslagerung des touristischen Unternehmensbereiches des Marktes Oberstaufen auf den zum 01.;
2024-12-12;Marktgemeinderat;9;"Marktkasse: Abberufung stv. Kassenverwalterin; Bestellung stv. Kassenverwalterin - Beschlussfassung (beschließend)";beschließend vorgesehen;1;;
2024-12-12;Marktgemeinderat;10;Sachstandsbericht IT-Sicherheit und Datenschutz beim Markt Oberstaufen (informativ);kein beschließender TOP-Titel;1;Aus der Sitzung des Marktgemeinderates am 12. Dezember 2024 Festsetzung der Grundsteuerhebesätze (Hebesatzung) Nach dem Urteil des Bundesverfassungsgerichtes zur Verfassungswidrigkeit der bisherigen Bemessungsgrundlage zur Berechnung der G rundsteuer müssen die Kommunen nunmehr mit Wirkung zum 01.;
2024-12-12;Marktgemeinderat;11;Genehmigung der letzten öffentlichen Sitzungsniederschrift (beschließend);beschließend vorgesehen;1;;
2024-12-12;Marktgemeinderat;12;Anfragen und Bekanntgaben (informativ);kein beschließender TOP-Titel;1;;
2024-12-02;Tourismusausschuss;1;Anträge zur Tagesordnung;kein beschließender TOP-Titel;0;;
2024-12-02;Tourismusausschuss;2;Genehmigung der letzten öffentlichen Sitzungsniederschrift (beschließend);beschließend vorgesehen;0;;
2024-12-02;Tourismusausschuss;3;"Einblick: Entwicklung Gästeankünfte & Übernachtungen 2024 vor Hintergrund der wegbrechenden Kapazitäten; Ausblick: Entwicklungen 2025 (informativ)";kein beschließender TOP-Titel;0;;
2024-12-02;Tourismusausschuss;4;"Einblick: Marketing & Veranstaltungen 2024; Ausblick: Marketing & Veranstaltungen 2025 insbesondere zu den Themen Winter & Gesundheit (informativ)";kein beschließender TOP-Titel;0;;
2024-12-02;Tourismusausschuss;5;Anfragen und Bekanntgaben;kein beschließender TOP-Titel;0;;
2024-11-27;Bau- und Umweltausschuss;1;Anträge zur Tagesordnung (beschließend);beschließend vorgesehen;0;;
2024-11-27;Bau- und Umweltausschuss;2;Bauanträge (beschließend);beschließend vorgesehen;0;;
2024-11-27;Bau- und Umweltausschuss;2.1;"Argenstraße 24, Fl.-Nr. 409/15, Gemarkung Oberstaufen; Wohnungsumbau und Nutzungsänderung zu einer Ferienwohnung (beschließend)";beschließend vorgesehen;0;;
2024-11-27;Bau- und Umweltausschuss;2.2;"Immenstädter Straße 12, Fl.-Nr. 268/4, Gemarkung Oberstaufen; Nutzungsänderung Wohnung zu Ferienwohnung (beschließend)";beschließend vorgesehen;0;;
2024-11-27;Bau- und Umweltausschuss;2.3;"Burgangerweg 3, Fl.-Nr. 721, Gemarkung Thalkirchdorf; Ersatzbau Wohnhaus mit 2 Wohneinheiten und Carport (beschließend)";beschließend vorgesehen;0;;
2024-11-27;Bau- und Umweltausschuss;2.4;"Hochsträß 5, Fl.-Nr. 1642, Gemarkung Oberstaufen; Umnutzung der Wohnung zu einer Ferienwohnung (beschließend)";beschließend vorgesehen;0;;
2024-11-27;Bau- und Umweltausschuss;2.5;"Höfen 2, Fl.-Nrn. 302, 303, Gemarkung Aach i. Allg.; Teilabbruch des ehem. landw. Anwesens; Erweiterung der Wohnung 2 im OG m. Einbau einer Außentreppe; Einbau einer 4. Wohnung im DG mit Einbau eines Balkons; Einbau einer Garage (beschließend)";beschließend vorgesehen;0;;
2024-11-27;Bau- und Umweltausschuss;2.6;"Im Dorf 35, Fl.-Nr. 774/4, 775 Gem. Aach i. Allg.; Gebäudesanierung mit Teilabbruch und Wiederaufbau, Erneuerung d. Daches, Ausbau d. Tenne sowie zusätzl. Einbau v. 3 Wohneinheiten; 3 dauerhaft vermietete u. einer selbstgenutzten Wohneinheiten (Bauantrag) (beschließend)";beschließend vorgesehen;0;;
2024-11-27;Bau- und Umweltausschuss;2.7;"In Pfalzen 1, Fl.-Nr. 376/6 Gem. Oberstaufen; Umbau ""Gästehaus Schmid"" zum Mehrfamilienhaus; Errichtung einer Doppelgarage (beschließend)";beschließend vorgesehen;0;;
2024-11-27;Bau- und Umweltausschuss;2.8;"Zur Linde 13, Fl.-Nr. 894/7 Gem. Oberstaufen; Zubau Carport mit Abstellraum (beschließend)";beschließend vorgesehen;0;;
2024-11-27;Bau- und Umweltausschuss;3;Bauvoranfragen;kein beschließender TOP-Titel;0;;
2024-11-27;Bau- und Umweltausschuss;3.1;"Salzstraße 41, Fl.-Nrn. 661 und 664/9, Gemarkung Thalkirchdorf; Abriss des Bestandsgebäudes und Neuerrichtung von 8 Doppelhaushälften (informativ)";kein beschließender TOP-Titel;0;;
2024-11-27;Bau- und Umweltausschuss;4;Auftragsvergaben (beschließend);beschließend vorgesehen;0;;
2024-11-27;Bau- und Umweltausschuss;5;"Vollzug Bay.StrWG; (informativ)";kein beschließender TOP-Titel;0;;
2024-11-27;Bau- und Umweltausschuss;5.1;"Vollzug BayStrWG; Öffentlicher Feld- und Waldweg ""Von Dorner Hinterreute Richtung Brögerloch"" (Blatt 22 OB) - Einziehung eines Teilstückes";kein beschließender TOP-Titel;0;;
2024-11-27;Bau- und Umweltausschuss;5.2;"Vollzug BayStrWG; Einziehung eines beschränkt-öffentlichen Fußweges: Weg nach Berg (Blatt 12 Ob) (beschließend)";beschließend vorgesehen;0;;
2024-11-27;Bau- und Umweltausschuss;5.3;"Vollzug des BayStrWG; Bahnhofstraße - beschränkt öffentlicher Weg (Fußgängerbereich) - Einziehung einer Teilfläche (Blatt 24 Ob) (beschließend)";beschließend vorgesehen;0;;
2024-11-27;Bau- und Umweltausschuss;5.4;"Vollzug des BayStrWG; Straße in Kalzhofen (Blatt 7 Ob) - Abstufung von Gemeindeverbindungsstraße zur Ortsstraße";kein beschließender TOP-Titel;0;;
2024-11-27;Bau- und Umweltausschuss;5.5;"Vollzug des BayStrWG; Widmung eines beschränkt-öffentlichen Weges - Fußweges - zwischen Haus des Gastes und Lindauer Straße";kein beschließender TOP-Titel;0;;
2024-11-27;Bau- und Umweltausschuss;6;Container zur Unterbringung von Obdachlosen, Bauantrag, Anschaffung und Errichtung - Beschlussfassung (beschließend);beschließend vorgesehen;0;;
2024-11-27;Bau- und Umweltausschuss;7;Genehmigung der letzten öffentlichen Sitzungsniederschrift (beschließend);beschließend vorgesehen;0;;
2024-11-27;Bau- und Umweltausschuss;8;Anfragen und Bekanntgaben (informativ);kein beschließender TOP-Titel;0;;
2024-11-27;Bau- und Umweltausschuss;8.1;"Stadt Immenstadt; Evaluierung und Fortschreibung der ""Vorbereitenden Untersuchung Bühl am Alpsee"" (informativ)";kein beschließender TOP-Titel;0;;
2024-11-27;Bau- und Umweltausschuss;8.2;Neuordnung der Hausnummern im Ortsteil Vorderreute (informativ);kein beschließender TOP-Titel;0;;
2024-11-18;Schulverbandsversammlung;1;Anträge zur Tagesordnung (beschließend);beschließend vorgesehen;0;;
2024-11-18;Schulverbandsversammlung;2;Bekanntgabe der Jahresrechnung 2023 – Beschlussfassung (beschließend);beschließend vorgesehen;0;;
2024-11-18;Schulverbandsversammlung;3;Digitalisierung Amtsblatt Landratsamt Oberallgäu - Beschlussfassung (beschließend);beschließend vorgesehen;0;;
2024-11-18;Schulverbandsversammlung;4;Ganztagsausbau 2026 (beschließend);beschließend vorgesehen;0;;
2024-11-18;Schulverbandsversammlung;4.1;"Mögliche Betreuungsformen in der Ganztagsbetreuung; Festlegung der Betreuungsform - Beschlussfassung (informativ)";kein beschließender TOP-Titel;0;;
2024-11-18;Schulverbandsversammlung;4.2;Beschaffung eines Musterklassenzimmers - Beschlußfassung (beschließend);beschließend vorgesehen;0;;
2024-11-18;Schulverbandsversammlung;4.3;Festlegung des Raumbedarfes für die Ganztagsbetreuung - Beschlußfassung (beschließend);beschließend vorgesehen;0;;
2024-11-18;Schulverbandsversammlung;4.4;Auftragsvergabe zum VGV-Verfahren - Beschlußfassung (beschließend);beschließend vorgesehen;0;;
2024-11-18;Schulverbandsversammlung;5;Anschaffung mobiler Leihgeräte - Beschlußfassung (beschließend);beschließend vorgesehen;0;;
2024-11-18;Schulverbandsversammlung;6;Mietpreis Turnhalle für Gästemannschaften - Beschlußfassung (beschließend);beschließend vorgesehen;0;;
2024-11-18;Schulverbandsversammlung;7;Vertrag mit Profimannschaften über die Rasensportanlage - Informativ (informativ);kein beschließender TOP-Titel;0;;
2024-11-18;Schulverbandsversammlung;8;Anfragen und Bekanntgaben (informativ);kein beschließender TOP-Titel;0;;
2024-11-18;Schulverbandsversammlung;9;Genehmigung der letzten öffentlichen Sitzungsniederschrift;kein beschließender TOP-Titel;0;;
2024-11-14;Marktgemeinderat;1;Anträge zur Tagesordnung (beschließend);beschließend vorgesehen;1;;
2024-11-14;Marktgemeinderat;2;Bauleitplanung (beschließend);beschließend vorgesehen;1;;
2024-11-14;Marktgemeinderat;2.1;Diskussion und Genehmigung der Fassadengestaltung und Werbeanlage des künftigen Schlossberg Resort im Rahmen des vorhabenbezogenen Bebauungsplanes- Beschlussfassung (beschließend);beschließend vorgesehen;1;November 2024 Diskussion und Genehmigung der Fassadengestaltung u nd Werbeanlagen des künftigen Schlossberg Resort im Rahmen des vorhabenbezogenen Bebauungsplanes Nachdem in der Oktober-Sitzung des Marktgemeinderat es eine weitere Überarbeitung der Fassade von den Architekten gefordert wurde, stellt en Vertreter von Bauherr und Planungsbüro in dieser Sitzung die überarbeitete Fassadengestaltung vor: Der Marktgemeinde;
2024-11-14;Marktgemeinderat;2.2;"Bekanntgabe des Durchführungsvertrages zum vorhabenbezogenen Bebauungsplan ""Schlossberg Resort"" - informativ (informativ)";kein beschließender TOP-Titel;1;November 2024 Diskussion und Genehmigung der Fassadengestaltung u nd Werbeanlagen des künftigen Schlossberg Resort im Rahmen des vorhabenbezogenen Bebauungsplanes Nachdem in der Oktober-Sitzung des Marktgemeinderat es eine weitere Überarbeitung der Fassade von den Architekten gefordert wurde, stellt en Vertreter von Bauherr und Planungsbüro in dieser Sitzung die überarbeitete Fassadengestaltung vor: Der Marktgemeinde;
2024-11-14;Marktgemeinderat;2.3;"Satzungsbeschluss zum vorhabenbezogenen Bebauungsplan ""Schlossberg Resort"" (beschließend)";beschließend vorgesehen;1;November 2024 Diskussion und Genehmigung der Fassadengestaltung u nd Werbeanlagen des künftigen Schlossberg Resort im Rahmen des vorhabenbezogenen Bebauungsplanes Nachdem in der Oktober-Sitzung des Marktgemeinderat es eine weitere Überarbeitung der Fassade von den Architekten gefordert wurde, stellt en Vertreter von Bauherr und Planungsbüro in dieser Sitzung die überarbeitete Fassadengestaltung vor: Der Marktgemeinde;
2024-11-14;Marktgemeinderat;2.4;Sachstandsbericht Wohnraumbedarfsumfrage (informativ);kein beschließender TOP-Titel;1;Sachstandsbericht Wohnraumbedarfsumfrage Sachstandsbericht zur frühzeitigen Beteiligung Träg er öffentlicher Belange bei Überplanung des Bebauungsplanes „Auf der Halde“ in Wiedemannsdorf und weiteres Vorgehen Bereits seit längerem befasst sich der Marktgemeind erat mit der Überarbeitung des Bebauungsplanes „Auf der Halde“ in Wiedemannsdorf, um den Einheimischen weitere Bauplätze anbieten zu können.;
2024-11-14;Marktgemeinderat;2.5;"Sachstandsbericht zur frühzeitigen Beteiligung Träger öffentlicher Belange bei Überplanung des Bebauungsplanes ""Auf der Halde"" in Wiedemannsdorf und weiteres Vorgehen - Beschlussfassung (beschließend)";beschließend vorgesehen;1;November 2024 Diskussion und Genehmigung der Fassadengestaltung u nd Werbeanlagen des künftigen Schlossberg Resort im Rahmen des vorhabenbezogenen Bebauungsplanes Nachdem in der Oktober-Sitzung des Marktgemeinderat es eine weitere Überarbeitung der Fassade von den Architekten gefordert wurde, stellt en Vertreter von Bauherr und Planungsbüro in dieser Sitzung die überarbeitete Fassadengestaltung vor: Der Marktgemeinde;
2024-11-14;Marktgemeinderat;3;Ortsrecht (beschließend);beschließend vorgesehen;1;;
2024-11-14;Marktgemeinderat;3.1;Neuerlass der Stellplatzsatzung - Beschlussfassung (beschließend);beschließend vorgesehen;1;Neuerlass der Stellplatzsatzung Nach einem Termin im Landratsamt wurde der Verwaltu ng empfohlen, die neue Baugesetznovelle der Bayerischen Bauordnung abzuwarten. Hier wird sich speziell § 47 der Stellplatzverordnung ändern. Das Gesetz soll wohl z um 1. Juni 2025 in Kraft treten. Daher wurde der Neuerlass der Stellplatzsatzung einstimmig von der Tagesordnung abgesetzt.;einstimmig
2024-11-14;Marktgemeinderat;3.2;Erlass der Verordnung über den Ladenschluss im Markt Oberstaufen (Ladenschlussverordnung) - Beschlussfassung (beschließend);beschließend vorgesehen;1;Aus der Sitzung des Marktgemeinderates vom 14. November 2024 Diskussion und Genehmigung der Fassadengestaltung u nd Werbeanlagen des künftigen Schlossberg Resort im Rahmen des vorhabenbezogenen Bebauungsplanes Nachdem in der Oktober-Sitzung des Marktgemeinderat es eine weitere Überarbeitung der Fassade von den Architekten gefordert wurde, stellt en Vertreter von Bauherr und Planungsbüro in dieser Sitzung die überarbe;
2024-11-14;Marktgemeinderat;4;Ausschreibung zur Beschaffung eines Löschgruppenfahrzeuges (LF 20) für die Feuerwehr Steibis - Beschlussfassung (beschließend);beschließend vorgesehen;1;Gegenstand des Vertrages sind der Neubau eines Hotels mit ca. 160 Zimmern, einem Wellnessbereich und Tagungsmöglichkeiten, Parkgaragen im Untergeschoss des Hotelgebäudes, sowie eines Mitarbeiterhauses einschließlich aller notwendigen Erschließungsmaßnahmen.;
2024-11-14;Marktgemeinderat;5;Umbau ehemaliges Krankenhaus Schloßstraße 28 (beschließend);beschließend vorgesehen;1;Umbau ehemaliges Krankenhaus Schloßstraße 28: Bauantrag und Zuschussantrag In den nächsten Tagen soll der Bauantrag für den Umbau des ehemaligen Krankenhauses in der Schloßstraße fertig gestellt werden. Wie schon des Öfteren berichtet, ist vorgesehen in den oberen drei Geschossen zwölf Wohnungen einzubau en, die Umnutzung des Erdgeschosses zu Räumlichkeiten des Familienzentrum s sowie die Nutzung der Räumlichkeiten i;
2024-11-14;Marktgemeinderat;5.1;Bauantrag - Beschlussfassung (beschließend);beschließend vorgesehen;1;;
2024-11-14;Marktgemeinderat;5.2;Zuschussantrag - Beschlussfassung (beschließend);beschließend vorgesehen;1;;
2024-11-14;Marktgemeinderat;6;"Ortswärme Oberstaufen Verwaltungs GmbH; Feststellung des Jahresabschlusses 2023 mit Entlastung der Geschäftsführung - Beschussfassung (beschließend)";beschließend vorgesehen;1;;einstimmig
2024-11-14;Marktgemeinderat;7;Ortswärme Oberstaufen GmbH & Co. KG (beschließend);beschließend vorgesehen;1;;einstimmig
2024-11-14;Marktgemeinderat;7.1;Feststellung des Jahresabschlusses 2023 mit Entlastung der Geschäftsführung - Beschlussfassung (beschließend);beschließend vorgesehen;1;;
2024-11-14;Marktgemeinderat;7.2;Bestellung des Wirtschaftsprüfers - Beschlussfassung (beschließend);beschließend vorgesehen;1;;
2024-11-14;Marktgemeinderat;7.3;Wirtschafts- und Finanzplan 2025 - Beschlussfassung (beschließend);beschließend vorgesehen;1;;
2024-11-14;Marktgemeinderat;7.4;Ermächtigung Gesellschafter Wirtschaftsplan - Beschlussfassung (beschließend);beschließend vorgesehen;1;;
2024-11-14;Marktgemeinderat;8;Regiebetrieb Wasserwerk Oberstaufen: Jahresabschluss 2020 - Beschlussfassung;kein beschließender TOP-Titel;1;;
2024-11-14;Marktgemeinderat;9;Zuschuss für Oberstaufen handelt aktiv (OHA) e. V. - Beschlussfassung (beschließend);beschließend vorgesehen;1;;
2024-11-14;Marktgemeinderat;10;Angebot E-Carsharing: weiteres Vorgehen - Beschlussfassung (beschließend);beschließend vorgesehen;1;Sachstandsbericht Wohnraumbedarfsumfrage Sachstandsbericht zur frühzeitigen Beteiligung Träg er öffentlicher Belange bei Überplanung des Bebauungsplanes „Auf der Halde“ in Wiedemannsdorf und weiteres Vorgehen Bereits seit längerem befasst sich der Marktgemeind erat mit der Überarbeitung des Bebauungsplanes „Auf der Halde“ in Wiedemannsdorf, um den Einheimischen weitere Bauplätze anbieten zu können. Der bisherige Beba;
2024-11-14;Marktgemeinderat;11;Jugendsozialarbeit: Unterstützung der Wiedereröffnung eines Jugendtreffs - Beschlussfassung (beschließend);beschließend vorgesehen;1;;
2024-11-14;Marktgemeinderat;12;Genehmigung der letzten öffentlichen Sitzungsniederschrift (beschließend);beschließend vorgesehen;1;November 2024 Diskussion und Genehmigung der Fassadengestaltung u nd Werbeanlagen des künftigen Schlossberg Resort im Rahmen des vorhabenbezogenen Bebauungsplanes Nachdem in der Oktober-Sitzung des Marktgemeinderat es eine weitere Überarbeitung der Fassade von den Architekten gefordert wurde, stellt en Vertreter von Bauherr und Planungsbüro in dieser Sitzung die überarbeitete Fassadengestaltung vor: Der Marktgemeinde;
2024-11-14;Marktgemeinderat;13;Anfragen und Bekanntgaben (informativ);kein beschließender TOP-Titel;1;;
2024-10-23;Bau- und Umweltausschuss;1;Anträge zur Tagesordnung (beschließend);beschließend vorgesehen;0;;
2024-10-23;Bau- und Umweltausschuss;2;Bauanträge (beschließend);beschließend vorgesehen;0;;
2024-10-23;Bau- und Umweltausschuss;2.1;"An der Sonnhalde 12, Fl.-Nr. 175/9, Gemarkung Oberstaufen; Umnutzung der Wohneinheit zu einer Ferienwohnung (beschließend)";beschließend vorgesehen;0;;
2024-10-23;Bau- und Umweltausschuss;2.2;"Lindauer Straße 16, Fl.-Nr. 43, Gemarkung Oberstaufen; Umbau und Sanierung des ""Henne-Hauses"" (denkmalgeschütztes Bauernhaus) zu einer Gastwirtschaft, einem Café u. einer Betriebsleiterwohnung - hier: geänderte Planung mit Keller (beschließend)";beschließend vorgesehen;0;;
2024-10-23;Bau- und Umweltausschuss;2.3;"Weißachstraße 10, Fl.-Nr. 490/7, Gemarkung Oberstaufen; Teilumbau und Nutzungsänderung am Bauteil 3 im ehem. Hotel ""Heath & View"" (beschließend)";beschließend vorgesehen;0;;
2024-10-23;Bau- und Umweltausschuss;2.4;"Höfen, Fl.-Nr. 326/1, Gemarkung Aach i. Allgäu; Abbruch eines Schopfes und Anbau an den bestehenden Jungviehstall (beschließend)";beschließend vorgesehen;0;;
2024-10-23;Bau- und Umweltausschuss;2.5;"Höfen 12, Fl.-Nr. 325, Gemarkung Aach i. Allg.; Abbruch und Wiederaufbau einer Bergehalle mit südlichem Anbau, Umbau eines Stalles (beschließend)";beschließend vorgesehen;0;;
2024-10-23;Bau- und Umweltausschuss;2.6;"Am Hungerbach 34, Fl.-Nr. 709/19, Gemarkung Thalkirchdorf; Wohnraumerweiterung durch Einbau eines Quergiebels, sowie die Erweiterung der best. Garagen um eine Doppelgarage (beschließend)";beschließend vorgesehen;0;;
2024-10-23;Bau- und Umweltausschuss;2.7;"Beim Dannelar 3, Fl.-Nr. 826/1, Gemarkung Aach i. Allgäu; Nutzungsänderung der vorhandenen Eigentumswohnung Nr. 41 im 1. OG in eine Ferienwohnung (beschließend)";beschließend vorgesehen;0;;
2024-10-23;Bau- und Umweltausschuss;2.8;"Max-Ostheimer-Str. 4, Fl.-Nrn. 369/40 u. 369/54 Gemarkung Oberstaufen; Umnutzung einer Wohnung in eine Ferienwohnung (beschließend)";beschließend vorgesehen;0;;
2024-10-23;Bau- und Umweltausschuss;2.9;"Sinswang 12, Fl.-Nr. 3768, Gemarkung Oberstaufen; Nutzungsänderung der bisherigen temporären Wohnnutzung des Funktionsgebäudes am Stall zu einer Ferienwohnung/zur temporären Nutzung für Betriebshelfer (beschließend)";beschließend vorgesehen;0;;
2024-10-23;Bau- und Umweltausschuss;2.10;"Blumenstraße 6, Fl.-Nr. 173/8, Gemarkung Oberstaufen; Nutzungsänderung einer ständigen Wohneinheit zu einer gewerblichen Ferienwohnung; Wohnung 5, 1. OG, Haus A (beschließend)";beschließend vorgesehen;0;;
2024-10-23;Bau- und Umweltausschuss;2.11;"Im Moos, Fl.-Nr. 3327, Gemarkung Oberstaufen; Neubau einer Freiflächen PV-Anlage (beschließend)";beschließend vorgesehen;0;;
2024-10-23;Bau- und Umweltausschuss;2.12;"Ifen 6, Fl.-Nr. 2131 u. 2132, Gemarkung Oberstaufen; Umbau Wohnteil/Abbruch DG u. Wiederaufbau m. Dachgauben, Einbau Ferienwhg., Treppenaufgang im OG u. DG, Anbau Balkon u. Zugang für OG u. DG; Umnutzung ehem. Stallteil als Aufenthaltsraum für Feriengäste (beschließend)";beschließend vorgesehen;0;;
2024-10-23;Bau- und Umweltausschuss;2.13;"Tronsberg 9, Fl.-Nrn. 1966 u. 1967, Gemarkung Oberstaufen; Ersatzbau für die Blockhütte mit vier Ferienwohnungen (beschließend)";beschließend vorgesehen;0;;
2024-10-23;Bau- und Umweltausschuss;2.14;"Alpe-Oberhündle, Fl.-Nr. 2263, Gemarkung Oberstaufen; Baurechtliche Genehmigung der Alpe Oberhündle (beschließend)";beschließend vorgesehen;0;;
2024-10-23;Bau- und Umweltausschuss;2.15;"Buchenegg 12, Fl.-Nr. 2177, Gemarkung Oberstaufen; Anbau eines Melkstandes (beschließend)";beschließend vorgesehen;0;;
2024-10-23;Bau- und Umweltausschuss;3;Bauvoranfragen;kein beschließender TOP-Titel;0;;
2024-10-23;Bau- und Umweltausschuss;3.1;"Vorderreute 2, Fl.-Nr. 1461, Gemarkung Oberstaufen; Nutzungsänderung des landw. Anwesens Vorderreute 2 und Verlegung der best. Betreiberwohnung in den ehem. landw. Gebäudeteil, Einbau einer weiteren Festwohnung sowie Einbau von 3 Ferienwohnungen (beschließend)";beschließend vorgesehen;0;;
2024-10-23;Bau- und Umweltausschuss;4;Auftragsvergaben (beschließend);beschließend vorgesehen;0;;
2024-10-23;Bau- und Umweltausschuss;4.1;Hauptpumpwerk Thalkirchdorf, Auftragsvergabe PV Anlage (beschließend);beschließend vorgesehen;0;;
2024-10-23;Bau- und Umweltausschuss;5;"Richtlinien zur Festlegung ""besonders erhaltenswerte Bausubstanz"" im Zug von KfW-Förderungen (beschließend)";beschließend vorgesehen;0;;
2024-10-23;Bau- und Umweltausschuss;6;"Bayerisches Straßen- und Wegegesetz; Widmung der öffentlichen Verkehrsfläche ""Ludwig-Maier-Weg (Blatt 134 Ob)"" - Teilstück";kein beschließender TOP-Titel;0;;
2024-10-23;Bau- und Umweltausschuss;7;Übernahme privater Wasserleitung in Hinterreute, Anschlussleitung Hinterreute 15 und 15a (beschließend);beschließend vorgesehen;0;;
2024-10-23;Bau- und Umweltausschuss;8;Eibele Sanierung Wasserversorgung, BAIII (beschließend);beschließend vorgesehen;0;;
2024-10-23;Bau- und Umweltausschuss;9;Genehmigung der letzten öffentlichen Sitzungsniederschrift (beschließend);beschließend vorgesehen;0;;
2024-10-23;Bau- und Umweltausschuss;10;Anfragen und Bekanntgaben (informativ);kein beschließender TOP-Titel;0;;
2024-10-23;Bau- und Umweltausschuss;10.1;"Gemeinde Oberreute; 1. Erweiterung des Bebauungsplanes ""Langenried"" (beschließend)";beschließend vorgesehen;0;;
2024-10-23;Bau- und Umweltausschuss;10.2;"Gemeinde Blaichach; 6. Änderung des Bebauungsplanes ""Ortsmitte Blaichach"" - Bebauungsplan SO ""großflächiger Lebensmittelmarkt, Wohnen, nichtstörendes Gewerbe und Dienstleistungen"" (informativ)";kein beschließender TOP-Titel;0;;
2024-10-23;Bau- und Umweltausschuss;10.3;"Gemeinde Blaichach; 7. Änderung des Bebauungsplanes ""Ortsmitte Blaichach"" - Bebauungsplan SO ""Gemeinbedarf, Büro und Verwaltung"" (informativ)";kein beschließender TOP-Titel;0;;
2024-10-23;Bau- und Umweltausschuss;10.4;"Gemeinde Hittisau; Änderung des Flächenwidmungsplanes (beschließend)";beschließend vorgesehen;0;;
2024-10-17;Marktgemeinderat;1;Anträge zur Tagesordnung (beschließend);beschließend vorgesehen;1;;
2024-10-17;Marktgemeinderat;2;Bauleitplanung (beschließend);beschließend vorgesehen;1;;
2024-10-17;Marktgemeinderat;2.1;Diskussion und Genehmigung der Fassadengestaltung und Werbeanlage des künftigen Schlossberg Resort im Rahmen des vorhabenbezogenen Bebauungsplanes - Beschlussfassung (beschließend);beschließend vorgesehen;1;Oktober 2024 Bereits vor der Sitzung informierte der Bauherr die Verwaltung, dass die Tagesordnungspunkte „Bekanntgabe des Durchführungsv ertrages zum vorhabenbezogenen Bebauungsplan Schlossberg Resort“ sowie „Satzungsbeschluss zum vorhabenbezogenen Bebauungsplan Schlossberg Resort“ voraussichtlich auf die nächste Sitzung im November verschoben werden soll. Dies wurde einstimmig vom Marktgemeinderat beschlossen.;einstimmig
2024-10-17;Marktgemeinderat;3;Bauanträge (beschließend);beschließend vorgesehen;1;;
2024-10-17;Marktgemeinderat;3.1;Hotel Bergkristall, Willis 8: Erweiterung Wellness- und Fitnessbereich sowie teilweise Erneuerung der Balkonbrüstung auf der Süd-, West- und Nordseite - Beschlussfassung (beschließend);beschließend vorgesehen;1;Oktober 2024 Bereits vor der Sitzung informierte der Bauherr die Verwaltung, dass die Tagesordnungspunkte „Bekanntgabe des Durchführungsv ertrages zum vorhabenbezogenen Bebauungsplan Schlossberg Resort“ sowie „Satzungsbeschluss zum vorhabenbezogenen Bebauungsplan Schlossberg Resort“ voraussichtlich auf die nächste Sitzung im November verschoben werden soll. Dies wurde einstimmig vom Marktgemeinderat beschlossen.;einstimmig
2024-10-17;Marktgemeinderat;3.2;Hotel Bergkristall, Willis 8: Errichtung einer Tiefgarage und Chalets - Beschlussfassung (beschließend);beschließend vorgesehen;1;Hotel Bergkristall, Willis 8: Erweiterung Wellness- und Fitnessbereich sowie teilweise Erneuerung der Balkonbrüstung auf der Süd-, West- und Nordseite Der Bauherr beabsichtigt den Baubestand an die Bedü rfnisse der Gäste anzupassen und entsprechend zu erweitern.;
2024-10-17;Marktgemeinderat;4;Bürgerkarte Oberstaufen (informativ);kein beschließender TOP-Titel;1;Der Tagesordnungspunkt galt so rein informativ und es wurde kein Beschluss über die Fassade gefasst. Der Entwurf und die Präsentation wird nun bis zur nächsten Sitz ung im November entsprechend überarbeitet. Weitere Planansichten können Sie auf unserer Homepa ge www.;
2024-10-17;Marktgemeinderat;4.1;Umstellung auf den DAHEIM PASS - informativ (informativ);kein beschließender TOP-Titel;1;Der Tagesordnungspunkt galt so rein informativ und es wurde kein Beschluss über die Fassade gefasst. Der Entwurf und die Präsentation wird nun bis zur nächsten Sitz ung im November entsprechend überarbeitet. Weitere Planansichten können Sie auf unserer Homepa ge www.;
2024-10-17;Marktgemeinderat;4.2;Preisanpassung - Beschlussfassung (beschließend);beschließend vorgesehen;1;;
2024-10-17;Marktgemeinderat;5;Befristete Anstellung eines Asylhelfers (m/w/d) - Beschlussfassung (beschließend);beschließend vorgesehen;1;;
2024-10-17;Marktgemeinderat;6;Gewährung einer Kreditlinie für den TSV Oberstaufen 1862 e.V. - Beschlussfassung;kein beschließender TOP-Titel;1;;
2024-10-17;Marktgemeinderat;7;Genehmigung der letzten öffentlichen Sitzungsniederschrift (beschließend);beschließend vorgesehen;1;;
2024-10-17;Marktgemeinderat;8;Anfragen und Bekanntgaben (informativ);kein beschließender TOP-Titel;1;;
2024-10-14;Tourismusausschuss;1;Anträge zur Tagesordnung;kein beschließender TOP-Titel;0;;
2024-10-14;Tourismusausschuss;2;Genehmigung der letzten öffentlichen Sitzungsniederschrift (beschließend);beschließend vorgesehen;0;;
2024-10-14;Tourismusausschuss;3;Aquaria;kein beschließender TOP-Titel;0;;
2024-10-14;Tourismusausschuss;3.1;Auftragsvergabe Erneuerung Gebäudeleitzentrale - Beschlussfassung (beschließend);beschließend vorgesehen;0;;
2024-10-14;Tourismusausschuss;3.2;Auftragsvergabe Lüftungsgerät Achse 4 - Beschlussfassung (beschließend);beschließend vorgesehen;0;;
2024-10-14;Tourismusausschuss;4;Anfragen und Bekanntgaben;kein beschließender TOP-Titel;0;;
2024-10-01;Haupt- und Finanzausschuss;1;Anträge zur Tagesordnung (beschließend);beschließend vorgesehen;0;;
2024-10-01;Haupt- und Finanzausschuss;2;Umstellung auf neue Finanzsoftware K1 - Beschlussfassung (beschließend);beschließend vorgesehen;0;;
2024-10-01;Haupt- und Finanzausschuss;3;OberstaufenPLUS Bürger: Überplanmäßige Ausgaben Haushaltsjahr 2024 - Beschlussfassung (beschließend);beschließend vorgesehen;0;;
2024-10-01;Haupt- und Finanzausschuss;4;Genehmigung der letzten öffentlichen Sitzungsniederschrift (beschließend);beschließend vorgesehen;0;;
2024-10-01;Haupt- und Finanzausschuss;5;Anfragen und Bekanntgaben (informativ);kein beschließender TOP-Titel;0;;
2024-09-18;Bau- und Umweltausschuss;1;Anträge zur Tagesordnung (beschließend);beschließend vorgesehen;0;;
2024-09-18;Bau- und Umweltausschuss;2;Bauanträge (beschließend);beschließend vorgesehen;0;;
2024-09-18;Bau- und Umweltausschuss;2.1;"Salzstraße 2, Fl.-Nr. 707/14, Gemarkung Thalkirchdorf; Nutzungsänderung durch Einbau einer zweiten Wohnung (beschließend)";beschließend vorgesehen;0;;
2024-09-18;Bau- und Umweltausschuss;2.2;"Franz-Mader-Weg 4, Fl.-Nr. 49, Gemarkung Oberstaufen; Nutzungsänderung von Gewerbe zu Wohnzwecken (beschließend)";beschließend vorgesehen;0;;
2024-09-18;Bau- und Umweltausschuss;2.3;"Bahnhofstraße 3, Fl.-Nr. 105, Gemarkung Oberstaufen; Werbetafel für Restaurant (beschließend)";beschließend vorgesehen;0;;
2024-09-18;Bau- und Umweltausschuss;2.4;"Bahnhofsplatz 1, Fl.-Nr. 63/120, 63/118, Gemarkung Oberstaufen; Neubau eines Wohnhauses mit zwei Wohneinheiten, Teilrückbau und Umbau der bestehenden WC-Anlage (beschließend)";beschließend vorgesehen;0;;
2024-09-18;Bau- und Umweltausschuss;2.5;"Auf der Höh 2a, Fl.-Nrn 186/14 u. 187/10, Gemarkung Oberstaufen; Abbruch des bestehenden Wohnhauses und Neuerrichtung eines Mehrfamilienhauses mit 16 Wohneinheiten und Tiefgarage (beschließend)";beschließend vorgesehen;0;;
2024-09-18;Bau- und Umweltausschuss;2.6;"In der Au 9, Fl.-Nr. 725/2, Gemarkung Aach; Anbau von Abstellräumen an die Festhalle und brandschutztechnische Ertüchtigung der bestehenden Festhalle (beschließend)";beschließend vorgesehen;0;;
2024-09-18;Bau- und Umweltausschuss;2.7;"Am Staufen 6, Fl.-Nr. 87, Gemarkung Oberstaufen; Nutzungsänderung einer bestehenden Gewerbeeinheit zu einer Festwohnung (beschließend)";beschließend vorgesehen;0;;
2024-09-18;Bau- und Umweltausschuss;2.8;"Max-Ostheimer-Str. 2, Fl.-Nr. 369/40, Gemarkung Oberstaufen; Nutzungsänderung im UG Block III ""Enzian"" zu Wohnungen (beschließend)";beschließend vorgesehen;0;;
2024-09-18;Bau- und Umweltausschuss;2.9;"Kalzhofer Str. 25, Fl.-Nr. 326/17, Gemarkung Oberstaufen; Fassadengestaltung: Austausch d. Holzbalkengeländer durch Metallstaketen, neue Fassadenfarbe, Verl. d. Ortgänge, vorgehängte Holzlamettengestaltung und Werbeanlage und best. Mauerzaun verl. (beschließend)";beschließend vorgesehen;0;;
2024-09-18;Bau- und Umweltausschuss;2.10;"Lindauer Straße 26-28, Fl.-Nr. 41, Gemarkung Oberstaufen; Sanierung und Umnutzung von Gewerbe zur Wohneinheit (beschließend)";beschließend vorgesehen;0;;
2024-09-18;Bau- und Umweltausschuss;3;Bauvoranfragen;kein beschließender TOP-Titel;0;;
2024-09-18;Bau- und Umweltausschuss;4;Auftragsvergaben (beschließend);beschließend vorgesehen;0;;
2024-09-18;Bau- und Umweltausschuss;5;2. Änderung der Stellplatzsatzung - Vorberatung (vorberatend);kein beschließender TOP-Titel;0;;
2024-09-18;Bau- und Umweltausschuss;6;Genehmigung der letzten öffentlichen Sitzungsniederschrift (beschließend);beschließend vorgesehen;0;;
2024-09-18;Bau- und Umweltausschuss;7;Anfragen und Bekanntgaben (informativ);kein beschließender TOP-Titel;0;;
2024-09-18;Bau- und Umweltausschuss;7.1;Resterschließung Baugebiet Gewerbegebiet Wengen (beschließend);beschließend vorgesehen;0;;
2024-09-11;Marktgemeinderat;1;Anträge zur Tagesordnung (beschließend);beschließend vorgesehen;1;;
2024-09-11;Marktgemeinderat;2;Bauleitplanung (beschließend);beschließend vorgesehen;1;;
2024-09-11;Marktgemeinderat;2.1;"Abwägungs- und Feststellungsbeschluss zur 17. Änderung des Flächennutzungsplanes im Bereich des vorhabenbezogenen Bebauungsplanes ""Schlossberg Resort"" und zugleich 4. Änderung des Bebauungsplanes ""Stießberg"" (beschließend)";beschließend vorgesehen;1;September 2024 Abwägungs- und Feststellungsbeschluss zur 17. Änder ung des Flächennutzungsplanes im Bereich des vorhabenbezogenen Bebauungsplanes „Schlossberg Resort“ und zugleich 4. Änderung des B ebauungsplanes „Stießberg“ Der Marktgemeinderat stimmte den Abwägungs- und Beschlussempfehlungen zu den Stellungnahmen einstimmig ohne Änderung zu.;einstimmig
2024-09-11;Marktgemeinderat;2.2;"Abwägungsbeschluss zum vorhabensbezogenen Bebauungsplan ""Schlossberg Resort"" (beschließend)";beschließend vorgesehen;1;Änder ung des Flächennutzungsplanes im Bereich des vorhabenbezogenen Bebauungsplanes „Schlossberg Resort“ und zugleich 4. Änderung des B ebauungsplanes „Stießberg“ Der Marktgemeinderat stimmte den Abwägungs- und Beschlussempfehlungen zu den Stellungnahmen einstimmig ohne Änderung zu.;einstimmig
2024-09-11;Marktgemeinderat;3;Bauantrag zum Um- und Erweiterungsbau des Hotelbetriebes mit Verbindungsgang Meerau 34, Fl.-Nr. 1738 Gemarkung Oberstaufen - Beschlussfassung (beschließend);beschließend vorgesehen;1;Bauantrag zum Um- und Erweiterungsbau des Hotelbetr iebes mit Verbindungsgang Meerau 34, Fl.-Nr. 1738 Gemarkung Oberstaufen Der Marktgemeinderat hat mit Beschluss vom 13.07.20 23 dem vorhabenbezogenen Bebauungsplan „Haubers Naturresort“ gem.;
2024-09-11;Marktgemeinderat;4;Auftragsvergaben Eigenüberwachungsverordnung (beschließend);beschließend vorgesehen;1;;
2024-09-11;Marktgemeinderat;4.1;Optische Kanalinspektion Buflings und Oberstaufen Nord - Beschlussfassung (beschließend);beschließend vorgesehen;1;Optische Kanalinspektion Buflings und Oberstaufen Nord Im Rahmen der Eigenüberwachungsverordnung wurden zw ei Teilbereiche der Entsorgungsleitungen zur Kanalreinigung und Zustand serfassung ausgeschrieben. Die Ausschreibung umfasst Schmutz- und Mischwasserk analisation sowie Anschlussleitungen und ist in zwei Lose gegliedert: Los I Buflings, Ausführung Herbst 2024 - 1.;
2024-09-11;Marktgemeinderat;4.2;Grabenlose Kanalsanierung Weißachtal - informativ (informativ);kein beschließender TOP-Titel;1;Grabenlose Kanalsanierung Weißachtal Die grabenlose Kanalsanierung wurde in einem öffent lichen Verfahren ausgeschrieben. Insgesamt 9 Firmen haben die Unterl agen angefordert. Bei der Angebotseröffnung am 30. August 2024 gingen vier An gebote ein.;
2024-09-11;Marktgemeinderat;5;Sachstandsbericht zur Freiflächen-Photovoltaikanlage im Moos - informativ (informativ);kein beschließender TOP-Titel;1;Sachstandsbericht zur Freiflächen-Photovoltaikanlage im Moos In der Marktgemeinderatssitzung vom 16.05.2024 wurde beschlossen, in Abstimmung mit den Nachbarn einer Freiflächen PV-Anlage näher zu treten. Bekannt war zu dieser Zeit bereits, dass jeder Grundstückseigentümer eine eigene Anlage bauen muss, um aufgrund der Größe nicht in die Verpflichtung eines Neubaus für eine dann erforderliche Trafostation zu kommen.;
2024-09-11;Marktgemeinderat;6;Antrag auf Investitionszuschuss des Trachten- und Heimatvereins Steibis e. V. für Brandschutzsanierung Festhalle Steibis - Beschlussfassung (beschließend);beschließend vorgesehen;1;Bauantrag zum Um- und Erweiterungsbau des Hotelbetr iebes mit Verbindungsgang Meerau 34, Fl.-Nr. 1738 Gemarkung Oberstaufen Der Marktgemeinderat hat mit Beschluss vom 13.07.20 23 dem vorhabenbezogenen Bebauungsplan „Haubers Naturresort“ gem.;
2024-09-11;Marktgemeinderat;7;Freibad Thalkirchdorf: Ergebnis der verbindlichen Auskunft beim Finanzamt - Beschlussfassung (beschließend);beschließend vorgesehen;1;Entsprechen d dem zwischen dem Markt Oberstaufen und Vorhabensträger Nikolaus Hauber zum vorhabenbezogenen Bebauungsplan geschlossenen Durchführungsvertrages beabsichtigt Herr Hauber die Baugenehmigung für den ersten Bauabschnitt beim Lan dratsamt Oberallgäu zu beantragen. Nach Abstimmung mit dem Markt Oberstauf en und dem Landratsamt Oberallgäu sollen für den ersten Bauabschnitt drei Bauanträge gestellt werden. Dies;
2024-09-11;Marktgemeinderat;8;Regiebetrieb Wasserwerk Oberstaufen: Jahresabschluss 2019 - Beschlussfassung (beschließend);beschließend vorgesehen;1;Regiebetrieb Wasserwerk Oberstaufen: Jahresabschluss 2019 Für 2019 wurde erstmalig nur ein steuerlicher Jahre sabschluss erstellt, da aufgrund des Regiebetriebs kein zusätzlicher handelsrechtlic her Jahresabschluss erforderlich ist. Der Jahresabschluss inkl. Körperschaft- und Gewerbesteuererklärung 2019 wurde von der Steuerkanzlei asr PartGmbB erstellt, vorber eitet wurden Bilanz und GuV von der Kämmerei, Sachgebiet ;
2024-09-11;Marktgemeinderat;9;Oberstaufen Tourismus Marketing GmbH (OTM): Jahresabschluss 2023 - Beschlussfassung (beschließend);beschließend vorgesehen;1;Regiebetrieb Wasserwerk Oberstaufen: Jahresabschluss 2019 Für 2019 wurde erstmalig nur ein steuerlicher Jahre sabschluss erstellt, da aufgrund des Regiebetriebs kein zusätzlicher handelsrechtlic her Jahresabschluss erforderlich ist. Der Jahresabschluss inkl. Körperschaft- und Gewerbesteuererklärung 2019 wurde von der Steuerkanzlei asr PartGmbB erstellt, vorber eitet wurden Bilanz und GuV von der Kämmerei, Sachgebiet ;
2024-09-11;Marktgemeinderat;10;Aquaria Erlebnisbad Betriebs GmbH: Jahresabschluss 2023 - Beschlussfassung (beschließend);beschließend vorgesehen;1;Regiebetrieb Wasserwerk Oberstaufen: Jahresabschluss 2019 Für 2019 wurde erstmalig nur ein steuerlicher Jahre sabschluss erstellt, da aufgrund des Regiebetriebs kein zusätzlicher handelsrechtlic her Jahresabschluss erforderlich ist. Der Jahresabschluss inkl. Körperschaft- und Gewerbesteuererklärung 2019 wurde von der Steuerkanzlei asr PartGmbB erstellt, vorber eitet wurden Bilanz und GuV von der Kämmerei, Sachgebiet ;
2024-09-11;Marktgemeinderat;11;Erlass einer Verordnung über das Offenhalten von Verkaufsstellen (verkaufsoffener Sonntag) - Beschlussfassung (beschließend);beschließend vorgesehen;1;;
2024-09-11;Marktgemeinderat;12;Genehmigung der letzten öffentlichen Sitzungsniederschrift (beschließend);beschließend vorgesehen;1;;
2024-09-11;Marktgemeinderat;13;Anfragen und Bekanntgaben (informativ);kein beschließender TOP-Titel;1;;
2024-07-24;Bau- und Umweltausschuss;1;Anträge zur Tagesordnung (beschließend);beschließend vorgesehen;0;;
2024-07-24;Bau- und Umweltausschuss;2;Bauanträge (beschließend);beschließend vorgesehen;0;;
2024-07-24;Bau- und Umweltausschuss;2.1;"Weißachstraße 10, Fl.-Nr. 149/2, Gemarkung Oberstaufen; Teilumbau und Nutzungsänderung am Hauptgebäude (beschließend)";beschließend vorgesehen;0;;
2024-07-24;Bau- und Umweltausschuss;2.2;"Hinterstaufen 10, Fl.-Nr. 2047, Gemarkung Oberstaufen; Neubau Lift- und Infrastrukturgebäude ""Kinderland"" (beschließend)";beschließend vorgesehen;0;;
2024-07-24;Bau- und Umweltausschuss;2.3;"Stießberg 9, Fl.-Nr. 713/1, Gemarkung Oberstaufen; Errichtung von zwei Widerkehrgauben in zwei besteh. Wohnungen; hier: 1. Tektur zur Errichtung eines Carports mit Terrasse (beschließend)";beschließend vorgesehen;0;;
2024-07-24;Bau- und Umweltausschuss;2.4;"Am Hößl 12, Fl.-Nr. 777/1, Gemarkung Aach i. Allg.; Abbruch eines Gebäudes sowie Neubau eines Einfamilienhauses mit KFz-Werkstatt; 1. Tektureingang vom 18.06.2024 (beschließend)";beschließend vorgesehen;0;;
2024-07-24;Bau- und Umweltausschuss;2.5;"Buflings 3, Fl.-Nr. 3292, Gemarkung Oberstaufen; Überdachung der bestehenden Dachterrasse mit Errichtung eines Ruheraumes (beschließend)";beschließend vorgesehen;0;;
2024-07-24;Bau- und Umweltausschuss;2.6;"Am Silberbühl 30, Fl.-Nr. 342/10, Gemarkung Oberstaufen; Umbau und energetische Sanierung sowie Erweiterung eines bestehenden Gebäudes (beschließend)";beschließend vorgesehen;0;;
2024-07-24;Bau- und Umweltausschuss;2.7;"Im Dorf 25, Fl.-Nr. 804, Gemarkung Aach i. Allg.; Umbau Gasthaus zum Goldenen Kreuz (beschließend)";beschließend vorgesehen;0;;
2024-07-24;Bau- und Umweltausschuss;2.8;"In der Au, Fl.-Nr. 722, Gemarkung Aach i. Allgäu; Neubau eines Einfamilienhauses inkl. Therapieraum (beschließend)";beschließend vorgesehen;0;;
2024-07-24;Bau- und Umweltausschuss;3;Bauvoranfragen;kein beschließender TOP-Titel;0;;
2024-07-24;Bau- und Umweltausschuss;3.1;"Kalzhofer Str. 1, Fl.-Nrn. 53, 53/1, 53/2, 53/3, 53/4 und 53/5, Gemarkung Oberstaufen; Änderung einer gewerblichen Nutzung in eine Wohnnutzung (informativ)";kein beschließender TOP-Titel;0;;
2024-07-24;Bau- und Umweltausschuss;3.2;"Kalzhofer Str. 7a, Fl.-Nr. 61/2, Gemarkung Oberstaufen; Neubau eines Wohnhauses (beschließend)";beschließend vorgesehen;0;;
2024-07-24;Bau- und Umweltausschuss;3.3;"Rainwaldstraße 4, Fl.-Nr. 215/2, Gemarkung Oberstaufen; Umbau und Sanierung des bestehenden Wohnhauses (beschließend)";beschließend vorgesehen;0;;
2024-07-24;Bau- und Umweltausschuss;4;Auftragsvergaben (beschließend);beschließend vorgesehen;0;;
2024-07-24;Bau- und Umweltausschuss;4.1;Fassadensanierung am Telekomgebäude (beschließend);beschließend vorgesehen;0;;
2024-07-24;Bau- und Umweltausschuss;4.2;Sanierung Fußgängerzone Schloßstr. / Kirchplatz Hier: Interessensbekundungsverfahren (beschließend);beschließend vorgesehen;0;;
2024-07-24;Bau- und Umweltausschuss;4.3;"Sanierung Fußgängerzone Schloßstr. / Kirchplatz; Hier: Förderantrag für Interessenbekundungsverfahren (beschließend)";beschließend vorgesehen;0;;
2024-07-24;Bau- und Umweltausschuss;5;Stellplatzsatzung - Bedarf an einer Reglungsänderung -> Grundsatzbeschluss (beschließend);beschließend vorgesehen;0;;
2024-07-24;Bau- und Umweltausschuss;6;Genehmigung der letzten öffentlichen Sitzungsniederschrift (beschließend);beschließend vorgesehen;0;;
2024-07-24;Bau- und Umweltausschuss;7;Anfragen und Bekanntgaben (informativ);kein beschließender TOP-Titel;0;;
2024-07-24;Bau- und Umweltausschuss;7.1;"Stadt Immenstadt i. Allg.; Vorhabenbezogener Bebauungsplan ""Fanyareal""; Behördenunterrichtung nach § 4 Abs. 2 BauGB (beschließend)";beschließend vorgesehen;0;;
2024-07-24;Bau- und Umweltausschuss;7.2;"Bauleitplanung; Sachstandsbericht und Umgang mit alten Bebauungsplänen (informativ)";kein beschließender TOP-Titel;0;;
2024-07-24;Bau- und Umweltausschuss;7.3;Sachstandsbericht zum ersten Modernisierungsgesetz (Bayern) - Novelle Bayerische Bauordnung (BayBO) (informativ);kein beschließender TOP-Titel;0;;
2024-07-24;Bau- und Umweltausschuss;7.4;"Fluhstraße 26 (ehem. Homberger Hütte), Fl.-Nr. 927/2, Gemarkung Aach i. Allgäu; Errichtung von 5 Ferienchalets (Bauantrag im Freistellungsverfahren) (beschließend)";beschließend vorgesehen;0;;
2024-07-22;Tourismusausschuss;1;Anträge zur Tagesordnung;kein beschließender TOP-Titel;0;;
2024-07-22;Tourismusausschuss;2;Genehmigung der letzten öffentlichen Sitzungsniederschrift (beschließend);beschließend vorgesehen;0;;
2024-07-22;Tourismusausschuss;3;Ersatzbeschaffung Fahrzeug - Beschlussfassung (beschließend);beschließend vorgesehen;0;;
2024-07-22;Tourismusausschuss;4;Auftragsvergaben: Umgestaltung Vorplatz Haus des Gastes - Beschlussfassung (beschließend);beschließend vorgesehen;0;;
2024-07-22;Tourismusausschuss;5;Anfragen und Bekanntgaben;kein beschließender TOP-Titel;0;;
2024-07-11;Marktgemeinderat;1;Anträge zur Tagesordnung (beschließend);beschließend vorgesehen;1;;
2024-07-11;Marktgemeinderat;2;Vereidigung von Herrn J. L. als Marktgemeinderatsmitglied;kein beschließender TOP-Titel;1;;
2024-07-11;Marktgemeinderat;3;Neubesetzung von Ausschüssen und anderen Gremien - Beschlussfassung;kein beschließender TOP-Titel;1;;
2024-07-11;Marktgemeinderat;4;Bauvorhaben Hugo-von-Königsegg-Straße 10: Abriss des Bestandsgebäudes und Neuerrichtung eines Geschäftshauses - Beschlussfassung (beschließend);beschließend vorgesehen;1;;einstimmig
2024-07-11;Marktgemeinderat;5;Bauleitplanung;kein beschließender TOP-Titel;1;;
2024-07-11;Marktgemeinderat;5.1;"Wiederholung des Billigungs- und Auslegungsbeschlusses zur 17. Änderung des Flächennutzungsplanes im Bereich des vorhabenbezogenen Bebauungsplanes ""Schlossberg Resort"" (beschließend)";beschließend vorgesehen;1;Wiederholung des Billigungs- und Auslegungsbeschlus ses zur 17. Änderung des Flächennutzungsplanes im Bereich des vorhabenbe zogenen Bebauungsplanes „Schlossberg Resort“ Der Marktgemeinderat des Marktes Oberstaufen beauft ragte die Verwaltung, die förmliche Beteiligung der Öffentlichkeit gemäß § 3 Abs.;
2024-07-11;Marktgemeinderat;5.2;"Wiederholung des Billigungs- und Auslegungsbeschlusses zum vorhabenbezogenen Bebauungsplan ""Schlossberg Resort"" (beschließend)";beschließend vorgesehen;1;Wiederholung des Billigungs- und Auslegungsbeschlus ses zur 17. Änderung des Flächennutzungsplanes im Bereich des vorhabenbe zogenen Bebauungsplanes „Schlossberg Resort“ Der Marktgemeinderat des Marktes Oberstaufen beauft ragte die Verwaltung, die förmliche Beteiligung der Öffentlichkeit gemäß § 3 Abs.;
2024-07-11;Marktgemeinderat;5.3;"Festsetzungsbeschluss zur 18. Änderung des Flächennutzungsplanes im Bereich des vorhabenbezogenen Bebauungsplanes ""Schindelberg - Fluhstraße 26"" (ehem. Homberger Hütte) (beschließend)";beschließend vorgesehen;1;Änderung des Flächennutzungsplanes im Bereich des vorhabenbe zogenen Bebauungsplanes „Schlossberg Resort“ Der Marktgemeinderat des Marktes Oberstaufen beauft ragte die Verwaltung, die förmliche Beteiligung der Öffentlichkeit gemäß § 3 Abs. 2 BauGB zu wiederholen.;
2024-07-11;Marktgemeinderat;5.4;"Bekanntgabe des Durchführungsvertrages zum vorhabenbezogenen Bebauungsplan ""Schindelberg - Fluhstraße 26"" (ehem. Homberger Hütte) (informativ)";kein beschließender TOP-Titel;1;"Mauz) durch einen Neubau zu ersetzen; es soll eine Tiefgarage e ntstehen und das gemeindliche Nachbargrundstück (Fl.-Nr. 32; Garagenbau) mit in d ie Umbaumaßnahmen eingebunden werden. Ein Umbau des bestehenden Gesch äftshauses „Hugo-von- Königsegg-Straße 5“ zu den erforderlichen Standards ist aus verschiedenen Gründen nicht machbar.";
2024-07-11;Marktgemeinderat;5.5;"Abwägungs- und Satzungsbeschluss zum vorhabenbezogenen Bebauungsplan ""Schindelberg - Fluhstraße 26"" (ehem. Homberger Hütte) (beschließend)";beschließend vorgesehen;1;"Mauz) durch einen Neubau zu ersetzen; es soll eine Tiefgarage e ntstehen und das gemeindliche Nachbargrundstück (Fl.-Nr. 32; Garagenbau) mit in d ie Umbaumaßnahmen eingebunden werden. Ein Umbau des bestehenden Gesch äftshauses „Hugo-von- Königsegg-Straße 5“ zu den erforderlichen Standards ist aus verschiedenen Gründen nicht machbar.";
2024-07-11;Marktgemeinderat;6;Förderung des ländlichen Raums im ELER-Verfahren: Wegebau in Döbelisried, Laufenegg, Hinterreute, Vorderreute - Beschlussfassung (beschließend);beschließend vorgesehen;1;Förderung des ländlichen Raums im ELER-Verfahren: W egebau in Döbelisried, Laufenegg, Hinterreute und Vorderreute Aktuell sind im Flurbereinigungsverfahren der ländl ichen Entwicklung keine Gelder mehr vorhanden. Vom Amt wird deshalb empfohlen sich doch im ELER-Verfahren in der Förderperiode 2023 – 2027 zu bewerben. Hierzu e rfolgt dann die Vergabe der Zuschussgelder nach einem bestimmten Punkterankingv erfahren.;
2024-07-11;Marktgemeinderat;7;Auftragsvergaben (beschließend);beschließend vorgesehen;1;;
2024-07-11;Marktgemeinderat;7.1;Freibad Thalkirchdorf: Heizung / Lüftung / Sanitär / Elektro - Beschlussfassung (beschließend);beschließend vorgesehen;1;;
2024-07-11;Marktgemeinderat;7.2;Freibad Thalkirchdorf: Statik - Beschlussfassung (beschließend);beschließend vorgesehen;1;;
2024-07-11;Marktgemeinderat;7.3;Freibad Thalkirchdorf: Badewassertechnik mit Edelstahlbecken - Beschlussfassung (beschließend);beschließend vorgesehen;1;;
2024-07-11;Marktgemeinderat;7.4;Rathauserweiterung Schloßstraße 6: Planungsleistungen - Beschlussfassung (beschließend);beschließend vorgesehen;1;;
2024-07-11;Marktgemeinderat;7.5;Wasserversorgung: LOS 1 Netzerweiterung Höfen und LOS 2 Sanierung Otto-Keck-Straße BAII - Beschlussfassung (beschließend);beschließend vorgesehen;1;;
2024-07-11;Marktgemeinderat;7.6;Kanalsanierung Weißachtal: Ermächtigung zu Bauleistungen - Beschlussfassung (beschließend);beschließend vorgesehen;1;;
2024-07-11;Marktgemeinderat;8;Ortsdurchfahrt Lindauer Straße: Baustandsbericht - informativ (informativ);kein beschließender TOP-Titel;1;;einstimmig
2024-07-11;Marktgemeinderat;9;Amtliches Ortsverzeichnis für Bayern: Änderung der Schreibweise von Ortsnamen - Beschlussfassung (beschließend);beschließend vorgesehen;1;;
2024-07-11;Marktgemeinderat;10;Genehmigung der letzten öffentlichen Sitzungsniederschrift (beschließend);beschließend vorgesehen;1;;
2024-07-11;Marktgemeinderat;11;Anfragen und Bekanntgaben (informativ);kein beschließender TOP-Titel;1;;
2024-06-25;Haupt- und Finanzausschuss;1;Anträge zur Tagesordnung (beschließend);beschließend vorgesehen;0;;
2024-06-25;Haupt- und Finanzausschuss;2;Kindergarten Thalkirchdorf, Ertüchtigung Gruppenraum, Umschichtung von Haushaltsmitteln, Auftragsvergabe, Verpflichtungsermächtigung - Beschlussfassung;kein beschließender TOP-Titel;0;;
2024-06-25;Haupt- und Finanzausschuss;3;Gewährung einer Kreditlinie für den Naturprk Nagelfluhkette e. V. - Beschlussfassung (beschließend);beschließend vorgesehen;0;;
2024-06-25;Haupt- und Finanzausschuss;4;Genehmigung der letzten öffentlichen Sitzungsniederschrift (beschließend);beschließend vorgesehen;0;;
2024-06-25;Haupt- und Finanzausschuss;5;Anfragen und Bekanntgaben (informativ);kein beschließender TOP-Titel;0;;
2024-06-19;Bau- und Umweltausschuss;1;Anträge zur Tagesordnung (beschließend);beschließend vorgesehen;0;;
2024-06-19;Bau- und Umweltausschuss;2;Bauanträge (beschließend);beschließend vorgesehen;0;;
2024-06-19;Bau- und Umweltausschuss;2.1;"Am Pfarrhof 1, Fl.-Nr. 27/1, Gemarkung Thalkirchdorf; Energetische Sanierung des ehem. Pfarrhauses Thalkirchdorf und Einbau einer Hackschnitzelheizung (beschließend)";beschließend vorgesehen;0;;
2024-06-19;Bau- und Umweltausschuss;2.2;"Im Dorf 25a, Fl.-Nr. 804/6, Gemarkung Aach i. Allgäu; Anbau zur Wohnraumerweiterung der Wohnung 1 (beschließend)";beschließend vorgesehen;0;;
2024-06-19;Bau- und Umweltausschuss;2.3;"Am Silberbühl 9, Fl.-Nr. 368/38, Gemarkung Oberstaufen; Umnutzung der Einliegerwohnung zu einer Arztpraxis (beschließend)";beschließend vorgesehen;0;;
2024-06-19;Bau- und Umweltausschuss;2.4;"Burgangerweg 37, Fl.-Nr. 711/4, Gemarkung Thalkirchdorf; Nutzungsänderung des bestehenden Untergeschosses zudem Einbau einer Ferienwohnung und einer Festwohnung (beschließend)";beschließend vorgesehen;0;;
2024-06-19;Bau- und Umweltausschuss;2.5;"Kapfweg 7, Fl.-Nr. 165/33, Gemarkung Oberstaufen; Nutzungsänderung eines Raumes in ein Cafe (öffentlich), Hotel Platzhirsch (beschließend)";beschließend vorgesehen;0;;
2024-06-19;Bau- und Umweltausschuss;2.6;"Knechtenhofen 11, Fl.-Nr. 1152/3, Gemarkung Thalkirchdorf; Umbau und Aufstockung des bestehenden Wohnhauses (beschließend)";beschließend vorgesehen;0;;
2024-06-19;Bau- und Umweltausschuss;2.7;"Am Anger 31, Fl.-Nr. 415, Gemarkung Aach; Anbau eines Unterstands für Vieh und die Unterbringung von landw. Geräten";kein beschließender TOP-Titel;0;;
2024-06-19;Bau- und Umweltausschuss;2.8;"Höfen 2, Fl.-Nr. 303, Gemarkung Aach; Einbau einer Garage und Erweiterung einer bestehenden Wohnung (beschließend)";beschließend vorgesehen;0;;
2024-06-19;Bau- und Umweltausschuss;2.9;"Franz-Mader-Weg 9, Fl.-Nr. 173/8, Gemarkung Oberstaufen; Nutzungsänderung von ständigen Wohneinheiten zu gewerblichen Ferienwohnungen (beschließend)";beschließend vorgesehen;0;;
2024-06-19;Bau- und Umweltausschuss;2.9.1;"Franz-Mader-Weg 9, Fl.-Nr. 173/8, Gemarkung Oberstaufen; Wohnung 07, 1. OG Haus A (beschließend)";beschließend vorgesehen;0;;
2024-06-19;Bau- und Umweltausschuss;2.9.2;"Franz-Mader-Weg 9, Fl.-Nr. 173/8, Gemarkung Oberstaufen; Wohnung 03, EG Haus A (beschließend)";beschließend vorgesehen;0;;
2024-06-19;Bau- und Umweltausschuss;2.9.3;"Franz-Mader-Weg 9, Fl.-Nr. 173/8, Gemarkung Oberstaufen; Wohnung 01, EG Haus A (beschließend)";beschließend vorgesehen;0;;
2024-06-19;Bau- und Umweltausschuss;2.9.4;"Franz-Mader-Weg 9, Fl.-Nr. 173/8, Gemarkung Oberstaufen; Wohnung 06, 1. OG Haus A (beschließend)";beschließend vorgesehen;0;;
2024-06-19;Bau- und Umweltausschuss;2.9.5;"Franz-Mader-Weg 9, Fl.-Nr. 173/8, Gemarkung Oberstaufen; Wohnung 04, EG Haus A (beschließend)";beschließend vorgesehen;0;;
2024-06-19;Bau- und Umweltausschuss;2.9.6;"Franz-Mader-Weg 9, Fl.-Nr. 173/8, Gemarkung Oberstaufen; Wohnung 12, 2. OG/DG Haus A (beschließend)";beschließend vorgesehen;0;;
2024-06-19;Bau- und Umweltausschuss;2.9.7;"Franz-Mader-Weg 9, Fl.-Nr. 173/8, Gemarkung Oberstaufen; Wohnung 09, 2. OG/DG Haus A (beschließend)";beschließend vorgesehen;0;;
2024-06-19;Bau- und Umweltausschuss;2.9.8;"Franz-Mader-Weg 9, Fl.-Nr. 173/8, Gemarkung Oberstaufen; Wohnung 11, 2. OG/DG Haus A (beschließend)";beschließend vorgesehen;0;;
2024-06-19;Bau- und Umweltausschuss;2.9.9;"Blumenstraße 6, Fl.-Nr. 173/8, Gemarkung Oberstaufen; Wohnung 23, 2. OG/DG Haus B (beschließend)";beschließend vorgesehen;0;;
2024-06-19;Bau- und Umweltausschuss;2.9.10;"Blumenstraße 6, Fl.-Nr. 173/8, Gemarkung Oberstaufen; Wohnung 16, 2. EG Haus B (beschließend)";beschließend vorgesehen;0;;
2024-06-19;Bau- und Umweltausschuss;2.9.11;"Blumenstraße 6, Fl.-Nr. 173/8, Gemarkung Oberstaufen; Wohnung 20, 1. OG Haus B (beschließend)";beschließend vorgesehen;0;;
2024-06-19;Bau- und Umweltausschuss;2.10;"Stießberg 8, Fl.-Nrn: 718/6, 718/7, 718/9 Gem. Oberstaufen; Abbruch des Wasserhochbehälters und Neubau eines Wohnhauses mit zwei Wohneinheiten und Doppelgarage (beschließend)";beschließend vorgesehen;0;;
2024-06-19;Bau- und Umweltausschuss;2.11;"Ludwig-Maier-Weg; Fl.-Nr. 3326 und 350/6 Gem. Oberstaufen; Wohnheim für Asylsuchende (beschließend)";beschließend vorgesehen;0;;
2024-06-19;Bau- und Umweltausschuss;3;Bauvoranfragen;kein beschließender TOP-Titel;0;;
2024-06-19;Bau- und Umweltausschuss;3.1;"Burgangerweg 49, Fl.-Nrn. 709/13 u. 709/32, Gemarkung Thalkirchdorf; Neubau eines Wohnhauses (beschließend)";beschließend vorgesehen;0;;
2024-06-19;Bau- und Umweltausschuss;4;Auftragsvergaben (beschließend);beschließend vorgesehen;0;;
2024-06-19;Bau- und Umweltausschuss;4.1;APW Nord, PV Anlage (beschließend);beschließend vorgesehen;0;;
2024-06-19;Bau- und Umweltausschuss;4.2;Kanalsanierung Weißachtal, Vergabe Ing. Leistungen (beschließend);beschließend vorgesehen;0;;
2024-06-19;Bau- und Umweltausschuss;4.3;Fahrzeugerwerb (beschließend);beschließend vorgesehen;0;;
2024-06-19;Bau- und Umweltausschuss;5;"BayStrWG; Teileinziehung eines beschränkt öffentlichen Weges - Lindauer Straße / Kalzhofer Straße (beschließend)";beschließend vorgesehen;0;;
2024-06-19;Bau- und Umweltausschuss;6;"BayStrWG; Einziehung eines öffentlichen Feld- und Waldweges; Von Gschwend Richtung Irsegund (Blatt Nr. 19 Ob) (beschließend)";beschließend vorgesehen;0;;
2024-06-19;Bau- und Umweltausschuss;7;"BayStrWG; Widmung eines öffentlichen Feld- und Waldweges (Art. 53 Nr. 1 BayStrWG) in Gschwend (beschließend)";beschließend vorgesehen;0;;
2024-06-19;Bau- und Umweltausschuss;8;"BayStrWG; Widmung eines beschränkt-öffentlichen Fußweges (Art. 53 Nr. 2 BayStrWG): Willis Richtung Malas";kein beschließender TOP-Titel;0;;
2024-06-19;Bau- und Umweltausschuss;9;"BayStrWG; Umstufung der Gemeindeverbindungsstraße (Blatt 12 Ob) ""Straße in Pfalzen""";kein beschließender TOP-Titel;0;;
2024-06-19;Bau- und Umweltausschuss;10;"BayStrWG; Widmung eines öffentlichen Feld- und Waldweges: Von Willis Richtung Malas";kein beschließender TOP-Titel;0;;
2024-06-19;Bau- und Umweltausschuss;11;Genehmigung der letzten öffentlichen Sitzungsniederschrift (beschließend);beschließend vorgesehen;0;;
2024-06-19;Bau- und Umweltausschuss;12;Anfragen und Bekanntgaben (informativ);kein beschließender TOP-Titel;0;;
2024-06-19;Bau- und Umweltausschuss;12.1;"Stadt Immenstadt i. Allg.; 15. Änderung des Flächennutzungsplanes im Bereich der ""Mittelstation am Mittagberg"" - frühzeitige Behördenunterrichtung (informativ)";kein beschließender TOP-Titel;0;;
2024-06-19;Bau- und Umweltausschuss;12.2;"Gemeinde Hittisau; Änderung des Flächenwidmungsplanes der Gemeinde Hittisau (informativ)";kein beschließender TOP-Titel;0;;
2024-06-19;Bau- und Umweltausschuss;12.3;"Alpe Gschwendhempfel (auch Alpe Milz genannt), Fl.-Nr. 2312/2, Gemarkung Oberstaufen; Sanierung der bestehenden Terrasse und Änderung der WC-Anlage - Erwirkung der Alpkonzession (informativ)";kein beschließender TOP-Titel;0;;
2024-05-16;Marktgemeinderat;1;Anträge zur Tagesordnung (beschließend);beschließend vorgesehen;1;;
2024-05-16;Marktgemeinderat;2;Niederlegung des Amtes als ehrenamtliches Marktgemeinderatsmitglied durch Hans-Jörg Lingg - Beschlussfassung (beschließend);beschließend vorgesehen;1;;
2024-05-16;Marktgemeinderat;3;Festlegung des Listennachfolgers - Beschlussfassung (beschließend);beschließend vorgesehen;1;;
2024-05-16;Marktgemeinderat;4;Erstellung eines Verkehrs- und Parkraumkonzeptes, Zwischenbericht Bestandsaufnahme;kein beschließender TOP-Titel;1;"Mai 2024 Erstellung eines Verkehrs - und Parkraumkonzeptes; Zwischenbericht zur Bestandsaufnahme Der Markt Oberstaufen beauftragte die Bernard Gruppe ZT GmbH im letzten Jahr mit der Erstellung eines Verkehrs- und Parkraumkonzeptes für den Kernort Oberstaufen.";
2024-05-16;Marktgemeinderat;5;Feststellung und Entlastung der Jahresrechnung 2022 des Marktes Oberstaufen - Beschlussfassung (beschließend);beschließend vorgesehen;1;Feststellung und Entlastung der Jahresrechnung 2022 des Marktes Oberstaufen Der Marktgemeinderat stellte die Jahresrechnung 2022 (Art. 102 GO) mit folgendem Ergebnis fest: der Verwaltungshaushalt fasste Einnahmen und Ausgaben in Höhe von jeweils 26.;
2024-05-16;Marktgemeinderat;6;Bekanntmachung der Jahresrechnung 2023 des Marktes Oberstaufen - Beschlussfassung (beschließend);beschließend vorgesehen;1;Feststellung und Entlastung der Jahresrechnung 2022 des Marktes Oberstaufen Der Marktgemeinderat stellte die Jahresrechnung 2022 (Art. 102 GO) mit folgendem Ergebnis fest: der Verwaltungshaushalt fasste Einnahmen und Ausgaben in Höhe von jeweils 26.;
2024-05-16;Marktgemeinderat;7;"Bauleitplanung; 1. Änderung des Bebauungsplanes ""Auf der Halde"" Wiedemannsdorf - Beratung der verschiedenen Planungsvorschläge zum flächensparenden Bauen (beschließend)";beschließend vorgesehen;1;Änderung des Bebauungsplanes „Auf der Halde“, Wiedemannsdorf – Beratung der verschiedenen Planungsvorschläge zum flächensparenden Bauen In der Sitzung des Marktgemeinderates am 14.09.2023 wurde die Änderung des Bebauungsplanes beschlossen, um eine dichtere Bebauung zu erreichen.;
2024-05-16;Marktgemeinderat;8;"Hugo-v.-Königsegg-Str. 10, Fl.-Nr. 164/7, Gemarkung Oberstaufen; Vorstellung des Konzeptes zur Neubebauung mit einem Geschäftshaus (informativ)";kein beschließender TOP-Titel;1;"Mai 2024 Erstellung eines Verkehrs - und Parkraumkonzeptes; Zwischenbericht zur Bestandsaufnahme Der Markt Oberstaufen beauftragte die Bernard Gruppe ZT GmbH im letzten Jahr mit der Erstellung eines Verkehrs- und Parkraumkonzeptes für den Kernort Oberstaufen.";
2024-05-16;Marktgemeinderat;9;Errichtung einer Freiflächen-Photovoltaik-Anlage im Moos - Beschlussfassung (beschließend);beschließend vorgesehen;1;- 5 - Errichtung einer Freiflächen-Photovoltaik-Anlage im Moos Im Bereich Im Moos soll von einem Privateigentümer eine privilegierte Freiflächen - Photovoltaik-Anlage entlang der Bahnlinie entstehen. Direkt anschließend befindet sich eine Fläche des Marktes mit ca. 900 m², die sich ebenfalls anbieten würde. Der Marktgemeinderat steht dem privilegierten Projekt positiv gegenüber und beschloss einstimmig die gemeindlic;einstimmig
2024-05-16;Marktgemeinderat;10;Kindertagesstätten (informativ);kein beschließender TOP-Titel;1;;
2024-05-16;Marktgemeinderat;10.1;Örtliche Bedarfsplanung für das Jahr 2024/2025 - Beschlussfassung (beschließend);beschließend vorgesehen;1;"Mai 2024 Erstellung eines Verkehrs - und Parkraumkonzeptes; Zwischenbericht zur Bestandsaufnahme Der Markt Oberstaufen beauftragte die Bernard Gruppe ZT GmbH im letzten Jahr mit der Erstellung eines Verkehrs- und Parkraumkonzeptes für den Kernort Oberstaufen.";
2024-05-16;Marktgemeinderat;10.2;Neuerlass der Gebührensatzung für den Kindergarten Thalkirchdorf und Naturkindergarten - Beschlussfassung (beschließend);beschließend vorgesehen;1;Peter und Paul, Oberstaufen 3 Krippengruppen zu je 12 Plätzen 36 Krippenplätze Kindergarten Thalkirchdorf 1 Krippengruppe mit 12 Plätzen 12 Krippenplätze Gesamt 48 Krippenplätze Kindergartenplätze für über 3 -jährige Kinder bis zum Schuleintritt in Tageseinrichtungen St. Peter und Paul 4 Regelgruppen zu je 25 Plätzen 1 Inklusionsgruppe zu 15 Plätze 110 Kindergartenplätze 15 Kindergartenplätze Thalkirchdorf 3 Regelgru;
2024-05-16;Marktgemeinderat;11;Genehmigung der letzten öffentlichen Sitzungsniederschrift (beschließend);beschließend vorgesehen;1;"Mai 2024 Erstellung eines Verkehrs - und Parkraumkonzeptes; Zwischenbericht zur Bestandsaufnahme Der Markt Oberstaufen beauftragte die Bernard Gruppe ZT GmbH im letzten Jahr mit der Erstellung eines Verkehrs- und Parkraumkonzeptes für den Kernort Oberstaufen. Einen Zwischenbericht zur bisher durchgeführten Analyse der Verkehrsströme und der Parkraumnutzung gab es dazu jetzt in der Marktgemeinderatssitzung.";
2024-05-16;Marktgemeinderat;12;Anfragen und Bekanntgaben (informativ);kein beschließender TOP-Titel;1;;
2024-04-29;Tourismusausschuss;1;Anträge zur Tagesordnung;kein beschließender TOP-Titel;0;;
2024-04-29;Tourismusausschuss;2;Genehmigung der letzten öffentlichen Sitzungsniederschrift;kein beschließender TOP-Titel;0;;
2024-04-29;Tourismusausschuss;3;Analyse Tourismusjahr 2023 - Ausblick 2024: Zahlen, Daten, Fakten (informativ);kein beschließender TOP-Titel;0;;
2024-04-29;Tourismusausschuss;4;"Dynamische Daten im Tourismus: Neues Beratungsformat mit ""myrate"" (informativ)";kein beschließender TOP-Titel;0;;
2024-04-29;Tourismusausschuss;5;Einblick und Auswertung Marketing- und Vertriebsmaßnahmen (informativ);kein beschließender TOP-Titel;0;;
2024-04-29;Tourismusausschuss;6;Anfragen und Bekanntgaben;kein beschließender TOP-Titel;0;;
2024-04-17;Bau- und Umweltausschuss;1;Anträge zur Tagesordnung (beschließend);beschließend vorgesehen;0;;
2024-04-17;Bau- und Umweltausschuss;2;Bauanträge (beschließend);beschließend vorgesehen;0;;
2024-04-17;Bau- und Umweltausschuss;2.1;"Auf der Höh 2a, Fl.-Nrn. 187/10 ud 186/14, Gemarkung Oberstaufen; Abbruch des bestehenden Wohnhauses und Neuerrichtung eines Mehrfamilienhauses mit 16 Wohneinheiten und Tiefgarage (beschließend)";beschließend vorgesehen;0;;
2024-04-17;Bau- und Umweltausschuss;2.2;"Zell 5, Fl.-Nr. 3383, Gemarkung Oberstaufen; Erweiterung Stallgebäude und Einbau Verarbeitungsraum (beschließend)";beschließend vorgesehen;0;;
2024-04-17;Bau- und Umweltausschuss;2.3;"Höfen, Fl.-Nr. 323/1, Gemarkung Aach i. Allg.; Anbau einer Maschinenhalle (beschließend)";beschließend vorgesehen;0;;
2024-04-17;Bau- und Umweltausschuss;2.4;"Stießberg 7, Fl.-Nr. 714/3, Gemarkung Oberstaufen; Abbruch vorhandenes Wohnhaus - Neubau Mehrfamilienhaus mit 2 Mietwohnungen und einer Ferienwohnung (beschließend)";beschließend vorgesehen;0;;
2024-04-17;Bau- und Umweltausschuss;2.5;"Unterdorf 11c, Fl.-Nr. 439/18, Gemarkung Aach i. Allg.; Neubau eines Ferienhauses (beschließend)";beschließend vorgesehen;0;;
2024-04-17;Bau- und Umweltausschuss;2.6;"Am Anger 30, Fl.-Nr. 417/11, Gemarkung Aach i. Allg.; Erweiterung der bestehenden Außensauna um einen Ruheraum (beschließend)";beschließend vorgesehen;0;;
2024-04-17;Bau- und Umweltausschuss;2.7;"Unterdorf, Fl.-Nr. 439/3 Gem. Aach i. Allg.; Errichtung eines Lagerraums für Kraftfahrzeuge (beschließend)";beschließend vorgesehen;0;;
2024-04-17;Bau- und Umweltausschuss;3;Bauvoranfragen;kein beschließender TOP-Titel;0;;
2024-04-17;Bau- und Umweltausschuss;3.1;"Schloßstraße 7, Fl.-Nr. 127, Gemarkung Oberstaufen; Nutzungsänderung eines Ladengeschäftes in ein Tagescafé (beschließend)";beschließend vorgesehen;0;;
2024-04-17;Bau- und Umweltausschuss;3.2;"Hinterstaufen 10, Fl.-Nr. 2047, Gemarkung Oberstaufen; Neubau eines Lift- und Infrastrukturgebäudes ""Kinderland"" (beschließend)";beschließend vorgesehen;0;;
2024-04-17;Bau- und Umweltausschuss;3.3;"Ortsteil Hinterstaufen, Fl.-Nrn. 63/101 und 2046/4, Gemarkung Oberstaufen; Errichtung von zwei Wohnhäusern mit Mitarbeiterwohnungen (15 WE) (beschließend)";beschließend vorgesehen;0;;
2024-04-17;Bau- und Umweltausschuss;3.4;"Lindauer Straße 12, Fl.-Nr. 45, Gemarkung Oberstaufen; Nutzungsänderung eines Ladengeschäftes in eine Vinothek mit Ausschank sowie Nutzungsänderung von Lagerräumen im 1. OG in Praxisräume (beschließend)";beschließend vorgesehen;0;;
2024-04-17;Bau- und Umweltausschuss;4;Auftragsvergaben (beschließend);beschließend vorgesehen;0;;
2024-04-17;Bau- und Umweltausschuss;4.1;Neubau Rückeweg Kapf;kein beschließender TOP-Titel;0;;
2024-04-17;Bau- und Umweltausschuss;5;Genehmigung der letzten öffentlichen Sitzungsniederschrift (beschließend);beschließend vorgesehen;0;;
2024-04-17;Bau- und Umweltausschuss;6;Anfragen und Bekanntgaben (informativ);kein beschließender TOP-Titel;0;;
2024-04-17;Bau- und Umweltausschuss;6.1;BayStrWG ->Teileinziehung eines beschränkt öffentlichen Weges - Lindauer Straße/Kalzhofer Straße (beschließend);beschließend vorgesehen;0;;
2024-04-17;Bau- und Umweltausschuss;6.2;BayStrWG ->Einziehung eines öffentlichen Feld- und Waldweges: Von Gschwend Richtung Irsengund (Blatt Nr. 19 Ob) (beschließend);beschließend vorgesehen;0;;
2024-04-17;Bau- und Umweltausschuss;6.3;"Einbeziehungssatzung ""Salmas Nord"" -> Vorstellung des Bauvorhabens (informativ)";kein beschließender TOP-Titel;0;;
2024-04-11;Marktgemeinderat;1;Anträge zur Tagesordnung (beschließend);beschließend vorgesehen;1;;
2024-04-11;Marktgemeinderat;2;Einzelhandels- und Gastronomiekonzept: Zwischenbericht Bestandserhebung, Ergebnisse der Umfrage - informativ (informativ);kein beschließender TOP-Titel;1;April 2024 Einzelhandels- und Gastronomiekonzept: Zwischenbericht Bestandserhebung und Ergebnisse der Umfrage Der Markt Oberstaufen beauftragte die Gesellschaft für Markt - und Absatzforschung mbH (GMA) zur Erstellung eines Einzelhandels - und Gastronomiekonzeptes für das Ortszentrum Oberstaufen.;
2024-04-11;Marktgemeinderat;3;Bauleitplanung;kein beschließender TOP-Titel;1;;
2024-04-11;Marktgemeinderat;3.1;"Abwägungsbeschluss der Eingaben und Einwendungen aus der frühzeitigen Beteiligung; Billigungs- und Auslegungsbeschluss zur 17. Änderung des Flächennutzungsplanes im Bereich des vorhabenbezogenen Bebauungsplanes ""Schlossberg Resort"" (beschließend)";beschließend vorgesehen;1;"Abwägungsbeschluss der Eingaben und Einwendungen aus der frühzeitigen Beteiligung; Billigungs - und Auslegungsbeschluss zur 17. Änderung des Flächennutzungsplanes im Bereich des vorhabenbezogenen Bebauungsplanes „Schlossberg Resort“ 1.";
2024-04-11;Marktgemeinderat;3.2;"Abwägungsbeschluss der Eingaben und Einwendungen aus der frühzeitigen Beteiligung; Billigungs- und Auslegungsbeschluss zum vorhabenbezogenen Bebauungsplan ""Schlossberg Resort"", Stießberg; zugleich 4. Änderung des Bebauungsplanes Stießberg (beschließend)";beschließend vorgesehen;1;"Abwägungsbeschluss der Eingaben und Einwendungen aus der frühzeitigen Beteiligung; Billigungs - und Auslegungsbeschluss zur 17. Änderung des Flächennutzungsplanes im Bereich des vorhabenbezogenen Bebauungsplanes „Schlossberg Resort“ 1.";
2024-04-11;Marktgemeinderat;4;Auftragsvergaben (beschließend);beschließend vorgesehen;1;;
2024-04-11;Marktgemeinderat;4.1;Oberflächenbehandlung von Straßen im Gemeindegebiet - Beschlussfassung (beschließend);beschließend vorgesehen;1;Oberflächenbehandlung von Straßen im Gemeindegebiet Der Marktgemeinderat beschloss einstimmig, den Auftrag für die Oberflächenbehandlung von Straßen und Wanderwege an die Firma Babic aus Igling zu den Konditionen der vom Landkreis durchgeführten Ausschreibung zu vergeben.;einstimmig
2024-04-11;Marktgemeinderat;4.2;Straßensanierungsmaßnahmen 2024 - Beschlussfassung (beschließend);beschließend vorgesehen;1;April 2024 Einzelhandels- und Gastronomiekonzept: Zwischenbericht Bestandserhebung und Ergebnisse der Umfrage Der Markt Oberstaufen beauftragte die Gesellschaft für Markt - und Absatzforschung mbH (GMA) zur Erstellung eines Einzelhandels - und Gastronomiekonzeptes für das Ortszentrum Oberstaufen.;
2024-04-11;Marktgemeinderat;5;Genehmigung der letzten öffentlichen Sitzungsniederschrift (beschließend);beschließend vorgesehen;1;;
2024-04-11;Marktgemeinderat;6;Anfragen und Bekanntgaben (informativ);kein beschließender TOP-Titel;1;;
2024-04-11;Marktgemeinderat;6.1;Situation Kinderbetreuung (informativ);kein beschließender TOP-Titel;1;;
2024-03-14;Marktgemeinderat;1;Anträge zur Tagesordnung (beschließend);beschließend vorgesehen;1;;
2024-03-14;Marktgemeinderat;2;Oberstaufen Tourismus Marketing GmbH, Wirtschaftsplan 2024 - Beschlussfassung (beschließend);beschließend vorgesehen;1;März 2024 Oberstaufen Tourismus Marketing GmbH: Wirtschaftsplan 2024 Die OTM GmbH stellte den Wirtschaftsplan 2024 vor. Er schließt im Erfolgsplan mit Erträgen und Aufwendungen jeweils in Höhe von 7.;
2024-03-14;Marktgemeinderat;3;Tourismus Eigenbetrieb Oberstaufen, Wirtschaftsplan 2024 - Beschlussfassung (beschließend);beschließend vorgesehen;1;März 2024 Oberstaufen Tourismus Marketing GmbH: Wirtschaftsplan 2024 Die OTM GmbH stellte den Wirtschaftsplan 2024 vor. Er schließt im Erfolgsplan mit Erträgen und Aufwendungen jeweils in Höhe von 7.;
2024-03-14;Marktgemeinderat;4;Genehmigung Haushaltsplan mit Haushaltssatzung 2024 samt Anlagen - Beschlussfassung (beschließend);beschließend vorgesehen;1;März 2024 Oberstaufen Tourismus Marketing GmbH: Wirtschaftsplan 2024 Die OTM GmbH stellte den Wirtschaftsplan 2024 vor. Er schließt im Erfolgsplan mit Erträgen und Aufwendungen jeweils in Höhe von 7.;
2024-03-14;Marktgemeinderat;5;Bauvorhaben Schlossberg Resort: Festlegung des endgültigen Planungsentwurfs - Beschlussfassung (beschließend);beschließend vorgesehen;1;Der Haushalt des Marktes Oberstaufen hat im Verwaltungshaushalt Einnahmen und Ausgaben in Höhe von 34 ,3 Mio. Euro und im Vermögenshaushalt Einnahmen und Ausgaben in Höhe von 12,3 Mio.;
2024-03-14;Marktgemeinderat;6;"Bauleitplanverfahren; Satzungsbeschluss zum vorhabenbezogenen Bebauungsplan ""Am Stießberg - Bauvorhaben Schöttner"" (beschließend)";beschließend vorgesehen;1;Bauvorhaben Schlossberg Resort: Festlegung des endgültigen Planungsentwurfs In der vom Bauherrn freiwillig durchgeführten vorzeitigen B ehörden- und Bürgerbeteiligung gingen verschiedene Anmerkungen zu dem beschlossenen Siegerentwurf ein.;
2024-03-14;Marktgemeinderat;7;Ehemaliges Krankenhaus, Schloßstraße 28 (beschließend);beschließend vorgesehen;1;Ehemaliges Krankenhaus, Schloßstraße 28 Auftragsvergabe für die Planungsleistungen zu Statik und Heizung, Lüftung, Sanitär, Elektrik Für die Planungsleistungen „Statik“ und „Heizung / Lüftung / Sanitär / Elektro (HLSE)“ wurden entsprechende VGV -Verfahren durchgeführt. Der Marktgemeinderat beschloss einstimmig nachfolgende Aufträge zu vergeben Statik: Ing.;einstimmig
2024-03-14;Marktgemeinderat;7.1;Auftragsvergabe für die Planungsleistungen zu Statik und Heizung, Lüftung, Sanitär, Elektrik - Beschlussfassung (beschließend);beschließend vorgesehen;1;Der Haushalt des Marktes Oberstaufen hat im Verwaltungshaushalt Einnahmen und Ausgaben in Höhe von 34 ,3 Mio. Euro und im Vermögenshaushalt Einnahmen und Ausgaben in Höhe von 12,3 Mio.;
2024-03-14;Marktgemeinderat;7.2;Information zu aktualisierten Wohnungsgrundrissplänen (informativ);kein beschließender TOP-Titel;1;März 2024 in einer Bürgerinformationsveranstaltung gemeinsam mit der Firma Geiger im Kurhaus vorgestellt. Um im Bauleitplanverfahren den nächsten Schritt einzuleiten (Auswertung der Beteiligung und Abwägung) hatte sich der Marktgemeinderat nun auf eine Variante festzulegen.;
2024-03-14;Marktgemeinderat;8;Tourismus Eigenbetrieb Oberstaufen (TEO) (beschließend);beschließend vorgesehen;1;März 2024 Oberstaufen Tourismus Marketing GmbH: Wirtschaftsplan 2024 Die OTM GmbH stellte den Wirtschaftsplan 2024 vor. Er schließt im Erfolgsplan mit Erträgen und Aufwendungen jeweils in Höhe von 7.281.696,00 Euro ab, was zu einem Jahresergebnis in Höhe von 0,00 Euro führt.;
2024-03-14;Marktgemeinderat;8.1;Beschaffung Wanderwegpflegegerät (Zuschussantrag) - Beschlussfassung (beschließend);beschließend vorgesehen;1;Der Haushalt des Marktes Oberstaufen hat im Verwaltungshaushalt Einnahmen und Ausgaben in Höhe von 34 ,3 Mio. Euro und im Vermögenshaushalt Einnahmen und Ausgaben in Höhe von 12,3 Mio.;
2024-03-14;Marktgemeinderat;8.2;Ersatzbeschaffung Transportfahrzeug für Gärtnereibetrieb - Beschlussfassung (beschließend);beschließend vorgesehen;1;Der Haushalt des Marktes Oberstaufen hat im Verwaltungshaushalt Einnahmen und Ausgaben in Höhe von 34 ,3 Mio. Euro und im Vermögenshaushalt Einnahmen und Ausgaben in Höhe von 12,3 Mio.;
2024-03-14;Marktgemeinderat;9;"Beteiligung am Projekt ""Gästeticket Bus und Bahn"" des Landkreises Oberallgäu und der Stadt Kempten - Beschlussfassung (beschließend)";beschließend vorgesehen;1;Bauvorhaben Schlossberg Resort: Festlegung des endgültigen Planungsentwurfs In der vom Bauherrn freiwillig durchgeführten vorzeitigen B ehörden- und Bürgerbeteiligung gingen verschiedene Anmerkungen zu dem beschlossenen Siegerentwurf ein. Die wesentlichen Punkte , die Anlass für Bedenken waren, waren die Turmhöhe, eine mögliche Verschattung, die Fassadengestaltung in Richtung Ort sowie die Verkehrsanbindung.;
2024-03-14;Marktgemeinderat;10;Erlass einer Verordnung über das Offenhalten von Verkaufsstellen (verkaufsoffene Sonntage) - Beschlussfassung (beschließend);beschließend vorgesehen;1;484,94 Euro aus und weist damit einen geplanten Überschuss in Höhe von 53.097,06 Euro aus. Der Vermögensplan ist mit Einnahmen und Ausgaben in Höhe von je 4.001.688,00 Euro ausgeglichen. Der Gesamtbetrag der im Vermögens - sowie Finanzplan vorgesehenen Kreditaufnahme wird auf 2.;
2024-03-14;Marktgemeinderat;11;Genehmigung der letzten öffentlichen Sitzungsniederschrift (beschließend);beschließend vorgesehen;1;;
2024-03-14;Marktgemeinderat;12;Anfragen und Bekanntgaben (informativ);kein beschließender TOP-Titel;1;;
2024-03-06;Bau- und Umweltausschuss;1;Anträge zur Tagesordnung (beschließend);beschließend vorgesehen;0;;
2024-03-06;Bau- und Umweltausschuss;2;Bauanträge (beschließend);beschließend vorgesehen;0;;
2024-03-06;Bau- und Umweltausschuss;2.1;"Lindauer Straße 16, Fl.-Nr. 43, Gemarkung Oberstaufen; Umbau und Sanierung des ""Henne-Hauses"" zu einer Gastwirtschaft im Scheunenteil und einem Café im EG des Wohnteils und einer Betriebsleiterwohnung im OG des Wohnteils (beschließend)";beschließend vorgesehen;0;;
2024-03-06;Bau- und Umweltausschuss;2.2;"Meerau 37, Fl.-Nr. 1746, Gemarkung Oberstaufen; Temporäre Erweiterung an das bestehende ""Haus am See"" (beschließend)";beschließend vorgesehen;0;;
2024-03-06;Bau- und Umweltausschuss;2.3;"Paradiesweg, Fl.-Nr. 896/10, Gemarkung Oberstaufen; Neubau Einfamilienhaus mit Garagen (beschließend)";beschließend vorgesehen;0;;
2024-03-06;Bau- und Umweltausschuss;2.4;"Kirchplatz 8, Fl.-Nr. 117, Gemarkung Oberstaufen; Antrag auf Nutzungsänderung von leerstehenden Räumen zu Personalzimmern und Gewerbeeinheit (beschließend)";beschließend vorgesehen;0;;
2024-03-06;Bau- und Umweltausschuss;2.5;"Kirchdorfer Straße 19, 21; Fl.-Nr. 64, Gemarkung Thalkirchdorf; Nutzungsänderung der Wohnung in eine Ferienwohnung mit Einbau eines Galeriegeschosses (beschließend)";beschließend vorgesehen;0;;
2024-03-06;Bau- und Umweltausschuss;2.6;"In der Au 2, Fl.-Nrn. 716 und 717, Gemarkung Aach i. Allg.; Abbruch der bestehenden Tenne u. Wiederaufbau mit integriertem bzw. angebautem Schafstall sowie Erweiterung des best. Maschinenstadels zur überdachten Mistlege u. zum Maschinenstadel (beschließend)";beschließend vorgesehen;0;;
2024-03-06;Bau- und Umweltausschuss;2.7;"Wengen 11, Fl.-Nr. 2033/5, Gemarkung Oberstaufen; Neubau einer Maschinen-Überdachung (beschließend)";beschließend vorgesehen;0;;
2024-03-06;Bau- und Umweltausschuss;2.8;"Bahnhofstraße 3, Fl.-Nrn. 75/1 u. 105, Gemarkung Oberstaufen; Nutzungsänderung der Wohnung 4 im 1. OG in eine gewerbliche Ferienwohnung (beschließend)";beschließend vorgesehen;0;;
2024-03-06;Bau- und Umweltausschuss;2.9;"Laufenegg 1, Fl.-Nr. 997, Gemarkung Oberstaufen; Erweiterung von drei auf fünf Wohnungen (beschließend)";beschließend vorgesehen;0;;
2024-03-06;Bau- und Umweltausschuss;3;Bauvoranfragen;kein beschließender TOP-Titel;0;;
2024-03-06;Bau- und Umweltausschuss;3.1;"Sinswang 12, Fl.-Nr. 3768, Gemarkung Oberstaufen; Nutzungsänderung der bisherigen temporären Wohnnutzung des Funktionsgebäudes am Stall zu einer ständigen Wohnung (beschließend)";beschließend vorgesehen;0;;
2024-03-06;Bau- und Umweltausschuss;3.2;"Bgm.-Hertlein-Straße 1, Fl.-Nr. 369/5, Gemarkung Oberstaufen; Generalsanierung und Erweiterung des bestehenden Hotels ""Königshof City Garni"" und Neubau einer Tiefgarage (beschließend)";beschließend vorgesehen;0;;
2024-03-06;Bau- und Umweltausschuss;4;Auftragsvergaben (beschließend);beschließend vorgesehen;0;;
2024-03-06;Bau- und Umweltausschuss;4.1;Signalanbindung der Prozessleittechnik Klärwerk an die neuen Steuerungssysteme (beschließend);beschließend vorgesehen;0;;
2024-03-06;Bau- und Umweltausschuss;5;"Bauleitplanung; 1. Änderung des Bebauungsplanes ""Auf der Halde"" Wiedemannsdorf - Beratung der verschiedenen Planungsvorschläge zum flächensparenden Bauen (vorberatend)";kein beschließender TOP-Titel;0;;
2024-03-06;Bau- und Umweltausschuss;6;Genehmigung der letzten öffentlichen Sitzungsniederschrift (beschließend);beschließend vorgesehen;0;;
2024-03-06;Bau- und Umweltausschuss;7;Anfragen und Bekanntgaben (informativ);kein beschließender TOP-Titel;0;;
2024-03-06;Bau- und Umweltausschuss;7.1;Temporärer Funkmast (informativ);kein beschließender TOP-Titel;0;;
2024-03-06;Bau- und Umweltausschuss;7.2;Objekt: Konstanzer 37+43, Energetische Sanierung (informativ);kein beschließender TOP-Titel;0;;
2024-03-05;Haupt- und Finanzausschuss;1;Anträge zur Tagesordnung (beschließend);beschließend vorgesehen;0;;
2024-03-05;Haupt- und Finanzausschuss;2;Beratung Vermögenshaushalt 2024 mit Finanzplanung (vorberatend);kein beschließender TOP-Titel;0;;
2024-03-05;Haupt- und Finanzausschuss;3;Genehmigung der letzten öffentlichen Sitzungsniederschrift (beschließend);beschließend vorgesehen;0;;
2024-03-05;Haupt- und Finanzausschuss;4;Anfragen und Bekanntgaben (informativ);kein beschließender TOP-Titel;0;;
2024-03-04;Schulverbandsversammlung;1;Anträge zur Tagesordnung (vorberatend);kein beschließender TOP-Titel;0;;
2024-03-04;Schulverbandsversammlung;2;Beratung und Beschlussfassung des Haushaltplanes und der Haushaltssatzung 2024 mit Festsetzung der Schulverbandsumlage – Beschlussfassung (beschließend);beschließend vorgesehen;0;;
2024-03-04;Schulverbandsversammlung;3;Feststellung und Entlastung der Jahresrechnung 2020 – Beschlussfassung (beschließend);beschließend vorgesehen;0;;
2024-03-04;Schulverbandsversammlung;4;Feststellung und Entlastung der Jahresrechnung 2021 – Beschlussfassung (beschließend);beschließend vorgesehen;0;;
2024-03-04;Schulverbandsversammlung;5;Bekanntgabe der Jahresrechnung 2022 – Beschlussfassung (beschließend);beschließend vorgesehen;0;;
2024-03-04;Schulverbandsversammlung;6;Bericht über die überörtliche Rechnungsprüfung der Jahresrechnungen 2018 – 2021 und der Kasse (BKPV) – Beschlussfassung (beschließend);beschließend vorgesehen;0;;
2024-03-04;Schulverbandsversammlung;7;Anpassung der Mittagsbetreuungsgebühren ab 09.2024 (beschließend);beschließend vorgesehen;0;;
2024-03-04;Schulverbandsversammlung;8;Optimierung Mensaverpflegung (beschließend);beschließend vorgesehen;0;;
2024-03-04;Schulverbandsversammlung;9;Vergabe neue Heizungsregelung Schule und Turnhalle (beschließend);beschließend vorgesehen;0;;
2024-03-04;Schulverbandsversammlung;10;Anfragen und Bekanntgaben (informativ);kein beschließender TOP-Titel;0;;
2024-03-04;Schulverbandsversammlung;11;Genehmigung der letzten öffentlichen Sitzungsniederschrift;kein beschließender TOP-Titel;0;;
2024-02-29;Marktgemeinderat;1;Anträge zur Tagesordnung (beschließend);beschließend vorgesehen;1;;
2024-02-29;Marktgemeinderat;2;Vorstellung des Feuerwehrbedarfsplanes - Beschlussfassung (beschließend);beschließend vorgesehen;1;;
2024-02-29;Marktgemeinderat;3;Änderung der Satzung über Aufwendungs- und Kostenersatz für Einsätze und andere Leistungen gemeindlicher Feuerwehren - Beschlussfassung (beschließend);beschließend vorgesehen;1;;
2024-02-29;Marktgemeinderat;4;Anfragen und Bekanntgaben (informativ);kein beschließender TOP-Titel;1;;
2024-02-20;Haupt- und Finanzausschuss;1;Anträge zur Tagesordnung (beschließend);beschließend vorgesehen;0;;
2024-02-20;Haupt- und Finanzausschuss;2;Beratung Verwaltungshaushalt Markt Oberstaufen 2024 (vorberatend);kein beschließender TOP-Titel;0;;
2024-02-20;Haupt- und Finanzausschuss;3;"Zuschussantrag ""Oberstaufen handelt aktiv e. V."" - Beschlussfassung (beschließend)";beschließend vorgesehen;0;;
2024-02-20;Haupt- und Finanzausschuss;4;Genehmigung der letzten öffentlichen Sitzungsniederschrift (beschließend);beschließend vorgesehen;0;;
2024-02-20;Haupt- und Finanzausschuss;5;Anfragen und Bekanntgaben (informativ);kein beschließender TOP-Titel;0;;
2024-02-08;Marktgemeinderat;1;Anträge zur Tagesordnung (beschließend);beschließend vorgesehen;1;;
2024-02-08;Marktgemeinderat;2;Freibad Thalkirchdorf - Baubeschluss (beschließend);beschließend vorgesehen;1;Februar 2024 Freibad Thalkirchdorf – Baubeschluss Seit vielen Jahren beschäftigt das Thema Freibad Thalkirchdorf das Gremium. In der Sitzung des Marktgemeinderates am 10. November 2022 hatte man sich auf den grundsätzlichen Planungsentwurf festgelegt.;
2024-02-08;Marktgemeinderat;3;Bebauungsplan Thalkirchdorf Mitte - Herstellung und Fortsetzung der festgesetzen Verkehrsfläche (Erschließungsstraße) - Beschlussfassung (beschließend);beschließend vorgesehen;1;Februar 2024 Freibad Thalkirchdorf – Baubeschluss Seit vielen Jahren beschäftigt das Thema Freibad Thalkirchdorf das Gremium. In der Sitzung des Marktgemeinderates am 10. November 2022 hatte man sich auf den grundsätzlichen Planungsentwurf festgelegt.;
2024-02-08;Marktgemeinderat;4;Ortsdurchfahrt Oberstaufen, Auftragsvergabe BA 5.2 Lindauerstraße, Einkaufspromenade - Beschlussfassung;kein beschließender TOP-Titel;1;2 Lindauerstraße, Einkaufspromenade In der Sitzung des Marktgemeinderates vom 19. Oktober 2023 wurde die Umsetzung des Bauabschnitts 5.2 beschlossen und im Anschluss durch die Verwaltung die weiteren Schritte eingeleitet.;
2024-02-08;Marktgemeinderat;5;Färberhaus, Auftragsvergabe Anbau Aufzug - Beschlussfassung;kein beschließender TOP-Titel;1;2 Lindauerstraße, Einkaufspromenade In der Sitzung des Marktgemeinderates vom 19. Oktober 2023 wurde die Umsetzung des Bauabschnitts 5.2 beschlossen und im Anschluss durch die Verwaltung die weiteren Schritte eingeleitet. Die Planunterlagen wurden überarbeitet und angepasst und der Zuschussantrag eingereicht.;
2024-02-08;Marktgemeinderat;6;Bauhof, Auftragsvergabe Unimog - Beschlussfassung;kein beschließender TOP-Titel;1;2 Lindauerstraße, Einkaufspromenade In der Sitzung des Marktgemeinderates vom 19. Oktober 2023 wurde die Umsetzung des Bauabschnitts 5.2 beschlossen und im Anschluss durch die Verwaltung die weiteren Schritte eingeleitet. Die Planunterlagen wurden überarbeitet und angepasst und der Zuschussantrag eingereicht.;
2024-02-08;Marktgemeinderat;7;Gestaltung Ortseingang am Telekomgebäude, Rainwaldstr. 5, hier: Zuschussantrag - Beschlussfassung;kein beschließender TOP-Titel;1;Hierbei einigte man sich darauf, dass die Einbeziehung der Konstanzer Ach mit aufgeweitetem Gewässer entfallen soll, was sich insbesondere auf die laufenden Unterhaltskosten auswirken wird. Außerdem soll der Spielplatz beim Festsaal wegfallen, somit entfällt auch das zusätzliche Brückenbauwerk.;
2024-02-08;Marktgemeinderat;8;Pflastersanierung in der Fußgängerzone Schloßstraße bis Kirchplatz - Beschlussfassung;kein beschließender TOP-Titel;1;- 5 - Pflastersanierung in der Fußgängerzone Schloßstraße bis Kirchplatz Die bereits seit längerem anstehende Pflastersanierung in der inneren Schloßstraße sowie des Kirchplatzes soll in 2025 angegangen werden. Aufgrund der Größe dieser Fläche ist geplant, dass diese Maßnahme in zwei Bauabschnitten umgesetzt wird. Nach Rücksprache mit der Regierung von Schwaben ist eine Förderung über die Städtebauförderung möglich.;
2024-02-08;Marktgemeinderat;9;Antragstellung Richtlinien für Zuwendungen in wasserwirtschaftlichen Verfahren (RZWas), Härtefallregelung - Beschlussfassung (beschließend);beschließend vorgesehen;1;Die Verwaltung wurde ermächtigt die entsprechenden Vergabeverfahren einzuleiten um dann die weitere Planung in Auftrag geben zu können. - 2 - Bebauungsplan Thalkirchdorf Mitte – Herstellung und Festsetzung der festgesetzten Verkehrsfläche (Erschließungsstraße) In der Ortsmitte Thalkirchdorf besteht seit 1963 der Bebauungsplan „Gemeinde Thalkirchdorf Neubaugebiet Ortsmitte“.;
2024-02-08;Marktgemeinderat;10;Wasserversorgung Imberg-Gebiet, Vergabe Ingenieurleistungen und Antragstellung für Zuschuss - Beschlussfassung (beschließend);beschließend vorgesehen;1;Die Verwaltung wurde ermächtigt die entsprechenden Vergabeverfahren einzuleiten um dann die weitere Planung in Auftrag geben zu können. - 2 - Bebauungsplan Thalkirchdorf Mitte – Herstellung und Festsetzung der festgesetzten Verkehrsfläche (Erschließungsstraße) In der Ortsmitte Thalkirchdorf besteht seit 1963 der Bebauungsplan „Gemeinde Thalkirchdorf Neubaugebiet Ortsmitte“.;
2024-02-08;Marktgemeinderat;11;Genehmigung der letzten öffentlichen Sitzungsniederschrift (beschließend);beschließend vorgesehen;1;;
2024-02-08;Marktgemeinderat;12;Anfragen und Bekanntgaben (informativ);kein beschließender TOP-Titel;1;;
2024-02-05;Tourismusausschuss;1;Anträge zur Tagesordnung;kein beschließender TOP-Titel;0;;
2024-02-05;Tourismusausschuss;2;Genehmigung der letzten öffentlichen Sitzungsniederschrift;kein beschließender TOP-Titel;0;;
2024-02-05;Tourismusausschuss;3;Wirtschaftsplan Tourismus Eigenbetrieb Oberstaufen 2024 - Vorberatung (vorberatend);kein beschließender TOP-Titel;0;;
2024-02-05;Tourismusausschuss;4;Genehmigung des Gesellschafterbeschlusses der Oberallgäu-Tourismus-Service GmbH (OATS) zur Barkapitalerhöhung - Beschlussfassung (beschließend);beschließend vorgesehen;0;;
2024-02-05;Tourismusausschuss;5;Sachstand Gestaltung Vorplatz Haus des Gastes (informativ);kein beschließender TOP-Titel;0;;
2024-02-05;Tourismusausschuss;6;Förderung Sanierung Kurhaus Oberstaufen - Beschlussfassung (beschließend);beschließend vorgesehen;0;;
2024-02-05;Tourismusausschuss;7;Aquaria: Erneuerung Verteilertechnik Schaltschrank - Beschlussfassung (beschließend);beschließend vorgesehen;0;;
2024-02-05;Tourismusausschuss;8;Anfragen und Bekanntgaben;kein beschließender TOP-Titel;0;;
2024-01-17;Bau- und Umweltausschuss;1;Anträge zur Tagesordnung (beschließend);beschließend vorgesehen;0;;
2024-01-17;Bau- und Umweltausschuss;2;Bauanträge (beschließend);beschließend vorgesehen;0;;
2024-01-17;Bau- und Umweltausschuss;2.1;"Höfen 9, Fl.-Nr. 287, Gemarkung Aach i. Allgäu; Ausbau des Dachbodens mit Einbau einer Dachgaube sowie Ausbau einer Zweizimmer-Wohnung im ersten Stock (beschließend)";beschließend vorgesehen;0;;
2024-01-17;Bau- und Umweltausschuss;2.2;"Stießberg 5 1/2, Fl.-Nr. 719/1, Gemarkung Oberstaufen; Umnutzung der Wohneinheit zu einer Ferienwohnung (beschließend)";beschließend vorgesehen;0;;
2024-01-17;Bau- und Umweltausschuss;2.3;"Waltners Alpe, Fl.-Nr. 1447/5, Gemarkung Aach; Neubau einer Traktorgarage (beschließend)";beschließend vorgesehen;0;;
2024-01-17;Bau- und Umweltausschuss;2.4;"Immenstädter Straße 5, Fl.-Nr. 90/8, Gemarkung Oberstaufen; Austausch von Werbeanlagen an der bestehenden OMV-Tankstelle (beschließend)";beschließend vorgesehen;0;;
2024-01-17;Bau- und Umweltausschuss;2.5;"Kirchplatz 8, Fl.-Nr. 117, Gemarkung Oberstaufen; Antrag auf Nutzungsänderung von leerstehenden Räumen zu Personalzimmern (beschließend)";beschließend vorgesehen;0;;
2024-01-17;Bau- und Umweltausschuss;2.6;"Bgm.-Hertlein-Straße 4, Fl.-Nr. 372/9, Gemarkung Oberstaufen; Anbau eines Balkons im DG (beschließend)";beschließend vorgesehen;0;;
2024-01-17;Bau- und Umweltausschuss;2.7;"Alpe auf Schneidberg, Fl.-Nr. 813, Gemarkung Thalkirchdorf; Tektur ->Neubau einer Alphütte mit Stallung (beschließend)";beschließend vorgesehen;0;;
2024-01-17;Bau- und Umweltausschuss;2.8;"Seeweg 1, Fl.-Nr. 895/35, Gemarkung Oberstaufen; Abbruch und Neubau: Einfamilienhaus mit Einliegerwohnung; Neubau Carport (beschließend)";beschließend vorgesehen;0;;
2024-01-17;Bau- und Umweltausschuss;3;Bauvoranfragen;kein beschließender TOP-Titel;0;;
2024-01-17;Bau- und Umweltausschuss;3.1;"Auf der Halde 15, Fl.-Nr. 664/22, Gemarkung Thalkirchdorf; Antrag auf isolierte Abweichung zur Dachziegelfarbe (beschließend)";beschließend vorgesehen;0;;
2024-01-17;Bau- und Umweltausschuss;3.2;"Bahnhofsplatz 1, Fl.-Nrn. 63, 63/118, 63/120, 100, Gemarkung Oberstaufen; Anbau und Umbau des bestehenden Gebäudes mit Errichtung von 4 Wohneinheiten (beschließend)";beschließend vorgesehen;0;;
2024-01-17;Bau- und Umweltausschuss;4;Auftragsvergaben (beschließend);beschließend vorgesehen;0;;
2024-01-17;Bau- und Umweltausschuss;5;Genehmigung der letzten öffentlichen Sitzungsniederschrift (beschließend);beschließend vorgesehen;0;;
2024-01-17;Bau- und Umweltausschuss;6;Anfragen und Bekanntgaben (informativ);kein beschließender TOP-Titel;0;;
2024-01-17;Bau- und Umweltausschuss;6.1;Antrag auf Erteilung einer Rodung auf Teilfl. Fl.-Nr. 1483, Gemarkung Aach (informativ);kein beschließender TOP-Titel;0;;
2024-01-17;Bau- und Umweltausschuss;6.2;"Gewerbegebiet Im Moos - Birkenweg 1, Fl.-Nr. 364/5, Gemarkung Oberstaufen; Möglichkeit einer Wohnbebauung (informativ)";kein beschließender TOP-Titel;0;;
2024-01-17;Bau- und Umweltausschuss;6.3;Straßenbeleuchtung Rückführung zu der ursprünglichen Brenndauer;kein beschließender TOP-Titel;0;;
2024-01-17;Bau- und Umweltausschuss;6.4;Außenbereichssatzung „Ihlingshof I“ in Oberreute (informativ);kein beschließender TOP-Titel;0;;
